,"""A1""","""A2""","""A3""","""A4""","""A5""","""A6""","""A7""","""A8""","""A9""","""A10""","""A11""","""A12""","""A13""","""A14""","""A15""","""A16""","""A17""","""A18""","""A19""","""A20""","""A21""","""A22""","""A23""","""A24""","""A25""","""A26""","""A27""","""A28""","""A29""","""A30""","""A31""","""A32""","""A33""","""A34""","""A35""","""A36""","""A37""","""A38""","""A39""","""A40""","""A41""","""A42""","""A43""","""A44""","""A45""","""A46""","""A47"""
radius,C,G,U,G,G,U,U,A,G,G,G,C,C,A,C,G,U,U,A,A,A,U,A,G,U,U,G,C,U,U,A,A,G,C,C,C,U,A,A,G,C,G,U,U,G,A,U,mean,std dev
2.0,0.019,0.026,0.021,0.024,0.012,0.012,0.019,0.016,0.012,0.032,0.015,0.024,0.016,0.044,0.027,0.019,0.026,0.011,0.077,0.03,0.034,0.02,0.026,0.013,0.012,0.008,0.015,0.016,0.011,0.011,0.021,0.031,0.024,0.005,0.017,0.011,0.013,0.012,0.021,0.013,0.019,0.021,0.029,0.02,0.021,0.025,0.023,0.021,0.011
3.0,0.127,0.053,0.068,0.038,0.308,0.101,0.18,0.099,0.062,0.107,0.095,0.062,0.147,0.195,0.195,0.845,1.597,1.329,0.785,0.102,0.205,1.051,0.618,0.294,0.459,0.324,0.105,0.039,0.143,0.169,0.201,0.311,0.18,0.181,0.122,0.171,0.07,0.06,0.66,1.082,0.235,0.174,0.081,0.097,0.049,0.041,0.095,0.292,0.355
4.0,0.212,2.58,2.392,2.356,8.28,4.293,0.256,0.124,0.119,0.323,0.361,7.515,9.988,2.847,0.366,1.668,1.686,1.328,1.508,1.408,0.284,0.96,5.61,11.205,0.512,0.478,0.286,0.178,0.248,0.184,2.868,3.924,0.255,13.004,0.176,0.293,0.126,0.114,0.874,1.954,0.258,4.727,0.217,4.705,0.103,0.06,0.124,2.199,3.112
5.0,0.438,2.811,2.689,3.266,8.94,5.468,0.489,0.333,0.379,0.414,0.419,8.215,11.965,5.499,3.092,2.587,4.046,1.934,1.775,1.825,0.688,2.028,9.922,12.902,0.73,0.608,0.428,0.307,0.308,2.217,4.566,4.953,4.56,12.754,0.252,0.314,0.272,0.275,2.004,2.478,1.444,4.758,3.426,6.264,0.277,0.292,0.272,3.104,3.447
6.0,0.676,2.893,2.7,3.552,9.291,6.017,0.667,0.368,0.429,0.487,0.491,11.056,12.007,5.625,3.057,3.319,3.942,2.581,3.488,2.351,2.106,2.087,11.008,13.866,0.877,0.614,0.613,0.323,0.811,3.322,4.925,5.923,5.762,13.115,0.285,0.327,0.386,0.514,2.189,2.964,3.816,5.137,4.075,5.47,0.363,0.43,0.379,3.546,3.637
7.0,1.785,2.926,3.334,3.805,9.374,6.46,0.713,0.386,0.466,0.499,0.524,10.954,12.379,7.186,3.57,3.362,3.899,3.912,4.078,2.34,3.524,2.629,11.24,13.751,2.359,0.684,0.713,0.348,0.925,4.066,5.597,6.326,6.161,12.772,5.128,0.311,0.409,0.783,2.571,2.96,4.962,5.848,5.012,6.249,0.38,0.443,0.398,4.011,3.606
8.0,2.04,2.908,3.536,4.296,9.319,6.447,2.052,0.433,0.485,0.546,0.582,11.396,12.097,7.941,3.597,3.402,3.657,4.118,4.531,3.769,5.477,2.901,11.789,13.245,5.62,0.753,0.753,0.404,1.001,4.525,5.984,6.792,6.361,12.344,8.746,0.387,0.435,0.791,2.772,3.603,5.63,5.96,6.549,6.265,3.293,0.459,0.421,4.477,3.587
9.0,2.339,2.845,3.484,5.013,9.194,6.351,2.494,0.554,0.557,0.585,3.632,12.144,11.826,8.998,3.639,3.21,3.809,4.29,4.767,5.406,8.924,3.49,11.84,12.708,5.519,0.783,0.819,0.607,1.353,4.493,5.994,6.828,8.105,11.844,9.91,0.5,0.531,1.35,2.779,4.097,5.631,6.168,6.614,6.006,4.191,0.463,0.428,4.832,3.585
10.0,2.602,2.852,3.503,5.792,9.497,6.019,3.489,0.846,0.678,0.597,6.157,12.452,11.485,9.943,4.765,3.346,3.685,4.21,4.735,6.256,9.736,4.836,11.916,12.377,11.62,2.081,0.854,0.856,1.956,4.697,5.984,6.763,8.7,12.157,11.978,0.546,0.675,1.83,3.162,4.707,5.653,6.175,6.443,5.673,5.069,0.572,0.443,5.327,3.726
11.0,2.731,2.826,3.732,6.619,9.525,5.818,4.105,0.901,0.737,0.898,7.401,12.214,11.052,9.764,5.706,3.36,3.494,3.985,4.582,6.346,9.825,6.849,11.765,12.386,13.177,2.402,0.856,1.022,2.911,5.532,6.14,6.709,9.143,12.269,12.124,0.604,1.077,2.089,3.723,5.348,5.597,6.194,6.326,5.483,5.4,0.601,0.442,5.57,3.72
12.0,2.754,2.901,3.886,6.892,9.518,6.261,4.561,0.95,0.816,1.284,9.102,12.17,10.996,9.516,6.048,3.252,3.358,4.271,5.157,7.698,10.062,8.519,11.683,12.322,13.942,4.119,0.856,1.106,3.384,6.318,6.466,6.755,9.435,12.243,11.917,5.751,1.294,2.271,4.249,5.448,5.673,6.209,6.222,5.608,5.41,0.609,0.459,5.952,3.65
13.0,2.665,3.156,4.433,7.41,9.377,6.68,4.735,1.899,1.098,1.726,9.914,11.807,10.881,9.531,7.419,3.505,3.608,4.175,5.36,8.001,9.96,9.425,11.819,12.337,14.178,6.578,2.321,1.369,4.15,6.926,6.57,6.746,9.728,12.094,11.915,6.683,1.692,2.674,4.612,5.775,5.839,6.26,6.231,6.022,5.411,2.491,0.537,6.335,3.475
14.0,2.663,3.287,4.578,7.872,9.169,7.203,4.836,2.516,1.425,2.817,10.352,11.592,10.812,9.383,8.291,3.688,3.565,4.141,6.268,8.395,9.773,10.617,11.974,12.211,14.198,9.679,3.866,1.902,5.495,7.365,6.556,7.421,9.829,12.028,11.852,8.333,1.845,2.937,4.747,6.01,6.01,6.53,6.209,5.926,5.35,3.49,0.599,6.715,3.384
15.0,2.676,3.58,5.186,7.954,9.071,7.728,4.87,3.434,1.602,4.204,10.268,11.426,10.974,9.483,8.732,4.167,3.599,4.73,6.715,8.392,9.94,11.541,11.988,12.278,13.849,10.937,5.43,4.811,6.394,7.751,6.594,8.048,9.799,11.94,11.673,9.521,2.251,3.318,4.991,6.193,6.053,6.656,6.181,5.91,5.335,4.96,0.606,7.101,3.199
16.0,2.833,3.737,5.668,8.158,8.984,8.017,5.264,3.718,1.858,6.113,10.279,11.124,10.899,9.474,8.785,4.672,3.913,5.137,7.293,8.675,9.963,11.697,12.08,12.204,13.599,12.334,8.061,6.584,7.99,8.43,6.476,8.601,10.027,11.798,11.458,9.989,2.817,3.8,5.27,6.125,6.329,7.736,6.577,5.907,5.257,5.193,0.611,7.479,3.076
17.0,3.039,4.337,6.677,8.24,9.523,8.556,5.726,4.362,3.351,7.132,10.043,10.996,10.959,9.817,8.691,5.713,3.964,5.73,7.956,8.874,10.287,11.79,12.193,12.117,13.265,12.833,9.117,8.128,8.697,8.917,7.521,9.225,10.207,11.642,11.327,10.329,3.363,4.13,5.48,6.155,6.861,8.215,7.651,5.991,5.287,5.304,0.617,7.879,2.92
18.0,3.278,4.409,7.35,8.256,9.85,8.671,6.363,4.528,4.845,8.174,10.128,10.949,11.004,9.988,8.905,6.174,4.074,6.444,8.258,9.038,10.563,11.851,12.157,11.988,13.077,12.879,9.935,9.0,9.729,9.521,8.061,9.683,10.475,11.549,11.3,10.528,6.274,4.495,5.705,6.172,7.476,8.559,8.06,6.107,5.738,5.313,3.203,8.3,2.633
19.0,3.4,5.332,7.542,8.29,10.105,9.007,7.103,5.195,5.753,8.672,10.174,11.02,11.067,10.332,9.038,7.713,4.655,7.418,8.472,9.101,11.077,11.858,12.184,11.849,12.83,12.982,10.37,9.602,10.179,9.833,8.729,10.106,10.662,11.464,11.295,10.836,7.329,4.872,6.08,6.451,8.043,8.732,8.749,6.191,5.886,5.229,4.213,8.66,2.449
20.0,3.913,6.496,7.779,8.4,10.526,9.167,7.679,6.069,6.584,8.734,10.145,11.133,11.176,10.548,9.209,8.339,5.029,7.798,8.537,9.293,11.465,11.822,12.151,11.681,12.622,12.88,11.715,9.879,10.59,10.256,9.142,10.387,10.873,11.352,11.212,10.824,8.435,5.457,6.581,6.817,8.335,8.885,9.037,6.386,5.93,5.099,4.908,8.963,2.29
22.0,6.343,7.548,8.161,9.197,10.89,9.686,8.654,7.631,7.924,9.261,10.522,11.286,11.333,10.952,9.559,8.536,6.477,8.376,8.689,9.687,11.597,11.998,11.939,11.542,12.194,12.53,12.452,11.288,11.041,10.619,9.818,10.732,10.982,11.121,11.198,10.81,9.798,7.696,7.725,7.708,8.827,9.316,9.701,7.989,6.135,5.348,5.01,9.528,1.908
24.0,7.556,8.017,8.248,9.89,11.162,10.26,9.265,8.621,8.925,9.829,10.983,11.341,11.398,11.236,10.325,8.575,8.003,8.467,9.01,10.562,11.6,12.049,11.648,11.419,11.889,12.295,12.541,11.976,11.252,10.769,10.476,10.796,10.867,11.155,11.145,10.884,10.271,8.97,9.066,9.0,9.264,9.896,10.321,9.291,6.696,5.846,4.913,9.957,1.663
26.0,8.116,8.199,8.914,10.565,11.148,10.714,9.88,9.493,9.82,10.536,11.134,11.295,11.351,11.362,10.643,8.813,8.133,8.612,9.724,11.121,11.371,11.899,11.511,11.244,11.595,11.872,12.165,11.742,11.145,10.802,10.703,10.838,10.869,11.084,11.106,11.095,10.431,9.769,9.864,9.803,9.791,10.464,10.696,10.237,7.476,6.077,5.575,10.23,1.433
28.0,8.305,8.79,9.575,11.003,11.092,10.893,10.301,10.087,10.38,10.934,11.24,11.269,11.249,11.323,11.038,9.37,8.384,9.07,10.577,11.253,11.251,11.622,11.292,11.173,11.382,11.507,11.587,11.364,10.869,10.842,10.756,10.825,10.865,11.059,11.048,11.063,10.837,10.415,10.468,10.533,10.377,10.829,10.802,10.615,8.955,6.618,5.844,10.445,1.205
30.0,8.992,9.253,10.29,11.153,11.048,10.859,10.647,10.546,10.738,11.035,11.186,11.177,11.177,11.233,11.24,10.125,8.714,10.017,11.033,11.167,11.145,11.366,11.178,11.134,11.241,11.192,11.256,11.017,10.866,10.785,10.769,10.785,10.845,11.001,11.021,11.043,10.959,10.729,10.716,10.789,10.757,10.828,10.819,10.798,9.941,7.247,6.088,10.595,1.008
32.0,9.397,9.774,10.745,11.092,10.975,10.845,10.848,10.737,10.91,11.144,11.173,11.173,11.159,11.173,11.276,10.521,9.136,10.667,11.112,11.098,11.064,11.209,11.125,11.068,11.144,10.995,11.005,10.89,10.778,10.817,10.787,10.813,10.845,10.935,10.961,10.968,10.974,10.876,10.86,10.866,10.845,10.845,10.832,10.861,10.566,8.328,6.579,10.698,0.817
34.0,9.793,10.417,11.105,11.051,10.919,10.845,10.855,10.925,11.032,11.091,11.077,11.082,11.098,11.134,11.178,10.866,9.929,11.022,11.057,11.032,11.006,11.081,11.069,11.032,11.079,11.008,10.867,10.746,10.785,10.762,10.788,10.836,10.845,10.899,10.915,10.92,10.882,10.852,10.853,10.872,10.845,10.845,10.832,10.83,10.805,9.46,7.046,10.772,0.639
36.0,10.294,10.858,11.112,10.979,10.879,10.845,10.845,10.89,10.979,11.02,11.037,11.048,11.059,11.083,11.159,11.162,10.459,11.137,10.98,10.965,10.945,11.013,11.028,10.961,11.059,10.955,10.826,10.756,10.741,10.779,10.818,10.845,10.845,10.859,10.869,10.879,10.851,10.85,10.845,10.847,10.845,10.845,10.845,10.803,10.868,10.362,8.43,10.837,0.395
38.0,10.786,11.113,11.072,10.914,10.85,10.845,10.845,10.855,10.91,10.964,10.97,10.966,10.986,11.043,11.098,11.186,10.921,11.092,10.924,10.909,10.894,10.95,10.961,10.915,10.982,10.93,10.847,10.767,10.795,10.83,10.836,10.845,10.845,10.845,10.85,10.85,10.845,10.845,10.845,10.845,10.845,10.845,10.845,10.826,10.878,10.753,9.533,10.874,0.219
40.0,10.845,10.845,10.845,10.845,10.845,10.845,10.845,10.845,10.845,10.845,10.845,10.845,10.845,10.845,10.845,10.845,10.845,10.845,10.845,10.845,10.845,10.845,10.845,10.845,10.845,10.845,10.845,10.845,10.845,10.845,10.845,10.845,10.845,10.845,10.845,10.845,10.845,10.845,10.845,10.845,10.845,10.845,10.845,10.845,10.845,10.845,10.845,10.845,0.0
mean,4.504,5.337,6.159,7.342,9.299,7.756,5.813,4.737,4.611,5.517,7.595,10.336,10.462,8.879,7.293,5.943,5.4,6.098,6.838,7.446,8.469,8.276,10.571,11.14,9.512,7.52,6.259,5.789,6.393,7.324,7.413,8.058,8.584,10.909,9.057,6.745,5.034,4.952,5.881,6.43,6.797,7.535,7.249,7.013,5.583,4.205,3.057
std dev,3.525,3.308,3.357,3.282,2.623,2.911,3.84,4.218,4.42,4.54,4.385,2.967,2.863,3.094,3.633,3.417,2.946,3.27,3.336,3.631,3.95,4.268,3.036,3.097,4.865,5.151,4.993,4.855,4.442,3.615,3.04,2.989,3.341,3.019,4.249,4.798,4.563,4.088,3.535,3.229,3.299,2.916,3.287,2.862,3.491,3.544,3.261
