,"""A1""","""A2""","""A3""","""A4""","""A5""","""A6""","""A7""","""A8""","""A9""","""A10""","""A12""","""A13""","""A14""","""A15""","""A16""","""A17""","""A18""","""A19""","""A20""","""A21""","""A22""","""A23""","""A24""","""A25""","""A26""","""A27""","""A28""","""A29""","""A30""","""A31""","""A32""","""A33""","""A34""","""A35""","""A37""","""A38""","""A39""","""A40""","""A41""","""A42""","""A43""","""A44""","""A45""","""A46""","""A47""","""A48""","""A49""","""A50""","""A51""","""A52""","""A53""","""A54""","""A55""","""A57""","""B21"""
radius,G,G,G,A,U,C,U,G,U,C,C,C,C,C,A,U,U,G,A,U,C,G,C,C,U,U,C,G,G,G,C,U,G,A,C,U,G,G,C,U,G,G,C,U,A,G,G,C,G,G,G,U,C,C,U,mean,std dev
2.0,0.021,0.028,0.024,0.024,0.019,0.027,0.03,0.029,0.028,0.032,1.619,0.023,0.028,0.019,0.026,0.066,0.059,0.021,0.016,0.023,0.025,0.02,0.022,0.021,0.021,1.612,1.61,0.045,0.036,0.016,0.023,1.613,0.027,0.015,0.02,0.017,0.016,0.032,0.027,0.025,0.025,0.033,0.042,0.044,0.023,0.031,0.023,0.029,0.021,0.022,0.012,0.033,0.027,0.404,1.604,0.178,0.456
3.0,0.127,0.094,0.195,0.236,0.131,0.157,0.168,0.125,0.141,0.139,1.392,0.04,0.148,0.055,0.146,0.808,1.792,0.048,0.031,0.072,0.117,0.086,0.081,0.114,0.144,1.472,1.418,0.745,0.219,0.614,0.12,1.558,0.277,0.645,0.066,0.047,0.084,0.199,0.407,1.216,0.122,0.927,0.875,1.502,1.304,0.12,0.134,0.143,0.142,0.136,0.665,0.088,0.131,1.025,1.426,0.444,0.511
4.0,0.275,0.193,0.386,0.36,0.254,0.171,1.204,0.225,0.311,0.303,1.448,1.199,0.464,0.181,0.329,1.667,2.398,2.199,0.122,0.115,0.149,0.197,0.244,0.135,1.139,1.798,2.938,1.106,4.064,0.632,2.563,1.568,0.399,0.576,0.125,0.391,0.131,0.452,2.317,1.511,0.205,1.226,0.833,1.465,1.714,0.18,0.223,0.221,0.235,1.682,0.619,0.189,0.233,6.261,1.43,0.963,1.124
5.0,0.319,0.472,0.476,0.444,0.307,1.069,1.462,0.378,0.347,0.657,1.484,2.57,1.903,0.343,4.004,3.369,4.015,2.707,0.514,0.334,1.43,1.609,0.293,1.097,4.167,4.082,3.127,4.282,4.175,1.137,3.676,4.079,1.575,1.197,0.554,0.728,0.339,0.914,3.563,3.77,2.489,1.681,2.955,3.669,3.235,0.822,0.465,0.322,1.922,2.117,1.11,0.675,0.498,5.876,1.478,1.86,1.461
6.0,0.759,0.806,0.574,0.805,0.928,1.444,1.464,0.431,0.442,0.999,1.949,2.693,2.186,0.535,4.107,6.029,4.998,2.952,1.395,0.397,1.234,1.688,0.916,1.537,4.044,4.702,4.055,4.91,4.233,1.46,4.181,6.778,2.717,1.591,0.753,0.929,0.371,1.293,4.319,4.162,2.666,2.051,4.192,5.838,3.683,1.861,0.526,0.353,2.26,2.343,1.348,1.038,1.23,6.078,2.377,2.357,1.735
7.0,0.932,0.84,0.606,1.021,1.348,1.677,2.128,0.823,0.499,1.106,2.097,2.817,2.167,0.664,4.551,6.366,5.215,3.154,1.956,0.862,1.647,2.131,1.622,1.643,4.728,4.595,4.576,5.408,4.243,1.654,4.187,6.111,3.378,1.9,0.887,1.141,1.241,1.477,4.377,4.106,3.174,2.474,4.875,5.817,3.876,2.754,0.798,0.401,2.529,2.421,1.401,1.279,1.296,5.604,3.738,2.624,1.678
8.0,0.9,0.916,0.698,1.32,1.583,1.948,2.671,2.232,1.238,1.766,2.299,2.908,2.066,1.535,4.594,5.946,5.284,3.802,2.405,1.14,1.932,2.613,2.427,2.006,4.815,4.481,5.974,5.696,4.369,4.101,4.646,5.377,4.02,2.449,1.149,1.389,1.536,1.828,4.066,4.344,3.216,2.779,5.129,5.834,4.821,2.933,1.211,0.565,3.318,2.636,2.039,1.571,1.351,5.337,4.761,2.981,1.588
9.0,0.908,2.694,1.214,1.563,1.8,2.544,2.984,2.39,1.996,2.072,2.741,2.922,2.428,3.197,4.485,5.454,5.204,3.648,2.567,2.095,2.103,3.06,3.028,2.604,4.724,4.613,6.22,5.781,4.76,4.7,4.618,4.955,4.262,2.578,1.438,2.175,1.971,2.352,3.954,4.339,3.309,3.123,5.269,5.542,5.052,2.929,2.006,1.477,3.377,2.797,2.227,1.775,1.723,5.0,5.588,3.279,1.377
10.0,0.946,3.667,2.592,1.612,2.104,2.81,2.836,2.529,2.463,2.624,2.915,3.224,2.664,3.34,4.467,5.055,5.173,3.92,2.834,2.447,2.553,3.371,3.495,3.477,4.608,5.489,6.286,5.689,5.143,5.144,4.668,4.682,4.325,3.387,2.788,2.901,2.82,2.334,4.005,4.491,3.481,3.601,5.421,6.589,5.108,3.186,2.472,2.737,3.649,2.909,2.304,1.811,1.824,4.863,5.528,3.588,1.262
11.0,0.963,4.315,3.368,1.757,2.439,3.33,3.226,2.718,2.789,2.723,3.161,3.614,2.851,3.737,4.405,4.697,4.965,3.935,3.421,2.701,3.034,3.552,3.753,4.296,4.862,5.955,6.185,5.866,5.449,5.212,4.767,4.423,4.448,3.801,2.842,3.061,3.098,2.684,3.925,4.494,3.484,4.001,5.722,6.762,4.865,3.757,2.747,3.002,3.877,3.273,2.538,1.94,2.009,4.588,5.132,3.791,1.182
12.0,1.105,4.247,3.924,2.0,3.405,3.448,3.263,3.209,3.312,2.874,3.23,3.691,3.71,4.021,4.258,4.517,4.677,4.04,3.956,3.494,3.501,3.926,4.026,5.042,4.97,5.947,5.946,5.95,5.865,5.433,4.843,4.307,4.607,4.037,3.268,3.375,3.544,3.42,3.727,4.422,3.617,4.291,5.489,7.043,4.81,4.55,2.799,3.431,3.811,3.619,2.611,2.107,2.021,4.363,4.741,3.997,1.084
13.0,3.681,4.111,3.835,2.844,3.758,3.481,3.46,3.498,3.469,3.003,3.27,4.113,3.988,4.191,4.182,4.342,4.477,4.035,4.036,3.859,4.064,4.14,4.066,5.09,4.992,5.74,5.666,5.948,5.986,5.628,4.883,4.285,4.582,4.141,3.528,3.571,3.665,3.655,3.65,4.3,3.67,4.413,5.348,6.894,4.9,4.765,2.823,3.626,3.883,3.779,2.883,2.155,2.04,4.179,4.406,4.127,0.918
14.0,4.348,4.035,3.793,3.8,4.034,3.644,3.611,3.735,3.773,3.337,3.442,4.362,4.104,4.403,4.186,4.277,4.255,4.075,4.131,4.095,4.226,4.341,4.483,5.132,5.289,5.588,5.507,5.97,5.989,5.745,4.925,4.247,4.575,4.187,3.661,3.796,3.841,3.959,3.631,3.985,3.644,4.445,5.095,6.603,4.721,4.881,2.912,3.666,3.878,3.99,3.084,2.184,2.1,4.069,4.142,4.217,0.838
15.0,4.325,3.961,3.863,4.36,4.186,3.965,3.709,3.908,3.844,3.55,3.866,4.521,4.251,4.369,4.341,4.488,4.092,4.07,4.175,4.169,4.244,4.419,4.844,5.223,5.543,5.505,5.405,5.923,5.917,5.742,4.941,4.192,4.531,4.219,3.887,3.976,3.898,4.041,3.603,3.864,4.144,4.58,4.892,6.183,4.576,4.871,3.454,3.783,3.873,3.917,3.164,2.296,3.16,3.945,3.92,4.303,0.727
16.0,4.165,3.88,4.157,4.812,4.21,4.172,3.958,4.095,3.918,3.714,4.259,4.714,4.517,4.371,4.308,4.529,3.974,4.084,4.084,4.117,4.186,4.403,5.045,5.332,5.506,5.353,5.385,5.738,5.845,5.658,5.18,4.147,4.485,4.24,4.053,4.138,4.05,4.222,3.605,3.711,4.231,4.648,4.717,5.853,4.501,4.811,3.944,3.899,3.872,3.86,3.247,2.698,3.155,3.862,3.804,4.353,0.662
17.0,4.022,3.799,4.36,4.969,4.427,4.417,4.106,4.085,3.95,3.682,4.322,4.719,4.773,4.5,4.314,4.537,4.011,4.051,4.027,4.094,4.184,4.362,5.183,5.406,5.441,5.131,5.328,5.905,5.807,5.563,5.156,4.156,4.489,4.272,4.045,4.119,4.123,4.289,3.602,3.815,4.314,4.723,4.612,5.38,4.466,4.655,4.223,3.898,3.913,3.811,3.444,2.96,3.565,3.771,3.915,4.385,0.611
18.0,3.905,3.877,4.574,5.001,4.527,4.452,4.383,4.145,3.971,3.721,4.469,4.702,5.058,4.647,4.344,4.572,4.203,4.087,3.974,4.092,4.195,4.505,5.194,5.488,5.412,5.172,5.387,5.947,5.718,5.45,5.174,4.21,4.486,4.291,4.082,4.111,4.201,4.387,3.945,3.942,4.505,4.711,4.594,5.108,4.489,4.511,4.651,3.894,3.854,3.803,3.557,3.098,3.565,3.737,3.889,4.436,0.588
19.0,3.754,3.851,4.794,5.045,4.798,4.501,4.556,4.124,4.031,3.856,4.581,4.758,5.097,4.738,4.373,4.654,4.433,4.186,3.957,4.074,4.203,4.612,5.281,5.472,5.422,5.17,5.56,5.931,5.532,5.344,5.225,4.365,4.507,4.287,4.096,4.129,4.24,4.406,4.222,4.053,4.732,4.816,4.67,4.856,4.485,4.468,4.742,3.992,3.815,3.813,3.756,3.164,3.888,3.686,3.86,4.49,0.569
20.0,3.674,4.159,4.86,4.974,4.777,4.539,4.672,4.338,4.292,4.367,4.666,4.878,5.093,4.702,4.452,4.962,4.596,4.253,3.989,4.079,4.293,4.816,5.248,5.433,5.427,5.465,5.47,5.859,5.409,5.311,5.249,4.547,4.632,4.328,4.127,4.163,4.352,4.415,4.385,4.232,4.844,4.793,4.659,4.742,4.518,4.483,4.734,4.035,3.748,3.826,3.903,3.854,4.103,3.642,3.897,4.568,0.515
22.0,3.875,4.392,4.859,4.9,4.904,4.588,4.724,4.534,4.497,4.728,4.903,5.074,5.098,4.948,4.774,5.182,4.989,4.413,4.251,4.331,4.621,5.123,5.258,5.313,5.447,5.57,5.435,5.708,5.325,5.231,5.255,5.031,4.907,4.386,4.254,4.316,4.54,4.622,4.734,4.363,5.075,4.785,4.759,4.466,4.605,4.621,4.619,4.439,4.057,4.131,4.243,4.518,4.359,3.582,3.889,4.719,0.444
24.0,4.55,4.834,4.91,4.866,4.913,4.906,4.666,4.553,4.649,4.942,5.044,5.109,5.144,5.164,5.202,5.327,5.277,4.874,4.804,4.711,4.948,5.212,5.234,5.259,5.364,5.506,5.436,5.428,5.248,5.166,5.223,5.429,5.364,4.817,4.41,4.449,4.576,4.75,4.978,4.727,5.115,5.033,4.787,4.524,4.642,4.762,4.606,4.564,4.483,4.398,4.661,4.914,4.602,4.068,3.821,4.89,0.353
26.0,4.679,4.993,4.962,4.914,4.938,4.969,4.617,4.598,4.752,4.999,5.117,5.221,5.284,5.492,5.536,5.441,5.518,5.189,5.036,5.066,5.185,5.227,5.265,5.239,5.296,5.538,5.38,5.336,5.167,5.201,5.389,5.843,5.682,5.264,4.611,4.608,4.781,4.966,5.159,4.882,5.162,5.14,5.002,4.602,4.835,4.868,4.723,4.563,4.663,4.812,5.008,5.119,4.972,4.63,3.791,5.041,0.345
28.0,5.089,5.122,5.011,4.938,4.998,4.929,4.762,4.66,4.857,5.004,5.171,5.313,5.415,5.849,5.966,5.595,5.729,5.476,5.357,5.361,5.323,5.201,5.231,5.246,5.22,5.429,5.31,5.28,5.074,5.181,5.601,6.022,5.835,5.621,5.011,5.172,4.95,5.225,5.216,5.006,5.23,5.175,5.069,4.835,4.94,4.995,4.806,4.678,4.763,4.948,5.015,5.088,5.206,4.852,4.023,5.171,0.347
30.0,5.079,5.06,5.021,5.017,4.957,4.876,4.938,4.73,4.941,5.069,5.24,5.461,5.801,6.115,6.188,5.75,5.78,5.813,5.609,5.474,5.765,5.765,5.261,5.227,5.174,5.348,5.248,5.186,5.116,5.434,5.891,6.119,5.886,5.855,5.521,5.587,5.626,5.464,5.265,5.164,5.394,5.195,5.191,5.08,5.18,5.123,4.971,4.868,4.828,4.889,4.972,5.046,5.104,4.994,4.367,5.31,0.387
32.0,5.032,5.0,5.013,4.992,4.92,4.873,4.957,4.989,4.958,5.127,5.417,5.621,6.111,6.424,6.257,5.977,5.917,5.959,5.769,5.588,5.911,5.963,5.577,5.223,5.202,5.272,5.151,5.074,5.205,5.526,5.905,6.201,5.915,5.951,5.952,5.89,5.952,5.893,5.29,5.211,5.48,5.21,5.301,5.224,5.245,5.32,5.187,5.012,4.931,4.838,4.907,5.006,5.051,5.147,4.528,5.41,0.445
34.0,4.99,4.987,5.009,4.953,4.9,4.962,5.071,5.121,5.161,5.214,5.476,5.914,6.385,6.537,6.403,6.053,6.108,6.058,5.863,6.009,6.012,6.089,6.159,5.608,5.194,5.223,5.049,5.073,5.388,5.883,5.977,6.333,6.068,6.307,6.251,6.248,6.218,6.186,5.373,5.2,5.947,5.449,5.521,5.349,5.276,5.474,5.274,5.121,4.971,4.902,4.854,4.955,5.028,5.097,4.859,5.547,0.519
36.0,4.976,4.996,4.979,4.928,4.991,5.044,5.165,5.199,5.284,5.457,5.777,6.212,6.517,6.592,6.439,6.138,6.18,6.261,6.057,6.127,6.111,6.177,6.185,6.123,5.379,5.186,5.084,5.209,5.518,5.954,6.08,6.448,6.36,6.447,6.353,6.408,6.493,6.465,5.488,5.221,6.14,5.65,5.615,5.452,5.35,5.575,5.362,5.201,5.071,4.938,4.836,4.901,4.978,5.06,4.926,5.656,0.568
38.0,4.994,4.991,4.954,4.955,4.989,5.19,5.22,5.235,5.363,5.6,6.087,6.531,6.561,6.596,6.527,6.229,6.269,6.299,6.361,6.345,6.287,6.219,6.19,6.203,5.767,5.19,5.169,5.37,5.749,6.015,6.186,6.496,6.588,6.547,6.575,6.474,6.548,6.599,5.925,5.362,6.435,6.125,5.966,5.587,5.496,5.77,5.527,5.268,5.124,5.053,4.935,4.858,4.936,5.033,5.008,5.78,0.602
40.0,6.812,6.812,6.812,6.812,6.812,6.812,6.812,6.812,6.812,6.812,6.812,6.812,6.812,6.812,6.812,6.812,6.812,6.812,6.812,6.812,6.812,6.812,6.812,6.812,6.812,6.812,6.812,6.812,6.812,6.812,6.812,6.812,6.812,6.812,6.812,6.812,6.812,6.812,6.812,6.812,6.812,6.812,6.812,6.812,6.812,6.812,6.812,6.812,6.812,6.812,6.812,6.812,6.812,6.812,6.812,6.812,0.0
mean,3.076,3.487,3.442,3.387,3.461,3.55,3.615,3.36,3.313,3.361,3.871,4.129,4.022,3.934,4.482,4.788,4.703,4.152,3.707,3.52,3.734,3.988,4.015,4.166,4.693,4.929,5.039,5.075,4.943,4.515,4.736,4.839,4.336,3.936,3.487,3.59,3.587,3.701,4.123,4.163,4.023,4.065,4.6,5.092,4.398,3.927,3.337,3.241,3.644,3.603,3.247,2.97,3.068,4.468,3.988
std dev,1.992,1.84,1.942,1.982,1.87,1.717,1.583,1.808,1.874,1.824,1.524,1.699,1.933,2.18,1.699,1.555,1.375,1.576,1.895,2.055,1.928,1.858,2.021,1.999,1.537,1.229,1.25,1.581,1.453,1.907,1.501,1.427,1.77,1.858,2.052,1.982,2.055,1.957,1.388,1.289,1.715,1.605,1.509,1.621,1.321,1.763,1.917,1.9,1.509,1.434,1.624,1.814,1.83,1.317,1.268
