,"""A1""","""A2""","""A3""","""A4""","""A5""","""A6""","""A7""","""A8""","""A9""","""A10""","""A11""","""A12""","""A13""","""A14""","""A15""","""A16""","""A17""","""A18""","""A19""","""A20""","""A21""","""A22""","""A23""","""A24""","""A25""","""A26""","""A27""","""A28""","""A29""","""A30""","""A31""","""A32""","""A33""","""A34""","""A35""","""A36""","""A37""","""A38""","""A39""","""A40""","""A41""","""A42""","""A43""","""A44""","""A45""","""A46""","""A47""","""A48""","""A49""","""A50""","""A51""","""A52""","""A53""","""A54""","""A55""","""A56""","""A57""","""A58""","""A59""","""A60""","""A61""","""A62""","""A63""","""A64""","""A65""","""A66""","""A67""","""A68""","""A69""","""A70""","""A71"""
radius,G,G,A,C,A,C,U,G,A,U,G,A,U,C,G,C,G,U,G,G,A,U,A,U,G,G,C,A,C,G,C,A,U,U,G,A,A,U,U,G,U,U,G,G,A,C,A,C,C,G,U,A,A,A,U,G,U,C,C,U,A,A,C,A,C,G,U,G,U,C,C,mean,std dev
2.0,0.028,0.023,0.016,0.025,0.029,0.026,0.007,0.033,0.009,0.022,0.019,0.011,0.009,0.017,0.009,0.008,0.01,0.013,0.015,0.017,0.012,0.017,0.012,0.018,0.01,0.019,0.019,0.013,0.019,0.009,0.012,0.015,0.024,0.956,0.014,0.007,0.04,0.01,0.02,0.013,0.022,0.022,0.015,0.014,0.025,0.014,0.013,0.007,0.01,0.028,0.011,0.019,0.012,0.018,0.021,0.013,0.013,0.012,0.014,0.027,0.023,0.011,0.025,0.041,0.035,0.032,0.02,0.015,0.018,0.019,0.009,0.031,0.111
3.0,0.114,0.064,0.063,0.071,0.043,0.227,0.045,0.21,0.956,1.609,0.934,0.854,0.849,1.07,0.142,0.093,0.029,0.058,0.094,0.077,0.056,0.05,0.039,1.483,0.063,0.056,0.227,0.089,0.055,0.059,0.06,0.066,0.11,1.266,0.099,0.066,0.282,0.194,0.954,0.312,0.434,1.026,0.085,0.182,0.076,0.1,0.069,0.113,0.158,0.238,0.056,0.225,0.075,0.06,0.058,0.048,0.103,0.079,0.108,0.087,0.034,0.125,0.127,0.093,0.104,0.075,0.05,0.035,0.078,0.058,0.142,0.246,0.365
4.0,0.207,0.131,0.087,0.118,0.172,0.398,0.431,0.25,3.953,3.428,7.663,5.457,1.695,0.975,0.222,0.561,0.306,0.127,0.354,0.145,0.198,0.107,0.295,1.585,0.186,0.183,0.557,0.532,0.095,0.291,0.343,0.248,0.325,1.523,0.148,0.282,0.374,0.248,3.767,3.765,0.743,3.883,8.363,0.582,0.363,0.185,0.285,0.174,0.191,0.449,0.274,0.477,0.174,0.105,0.087,0.079,0.122,0.239,0.393,1.374,6.301,2.144,0.186,2.23,0.518,0.931,0.16,0.053,0.126,0.181,0.174,1.032,1.758
5.0,0.226,0.545,0.379,0.591,0.395,0.559,0.575,3.703,5.898,4.645,9.964,7.254,2.616,1.287,0.593,0.83,0.539,0.39,0.415,0.537,0.282,0.251,0.403,1.511,0.258,0.471,0.693,0.728,0.527,0.405,0.393,0.401,0.567,1.4,0.254,0.902,2.538,0.448,7.909,5.965,1.143,6.098,9.972,0.807,0.674,0.377,0.294,0.555,0.321,0.476,0.345,0.404,0.576,0.605,0.775,0.584,0.3,0.428,1.072,5.517,7.649,5.744,6.274,3.104,0.962,1.067,0.214,0.504,0.306,0.295,0.338,1.775,2.489
6.0,0.528,0.626,0.677,0.629,0.78,0.824,0.966,7.263,7.821,5.9,9.866,7.401,4.047,1.713,1.032,1.005,0.778,0.831,0.641,0.579,0.656,0.738,0.898,1.64,0.606,0.666,1.189,0.889,0.634,0.807,0.634,0.644,1.703,1.346,1.385,2.296,4.364,4.084,8.341,6.964,1.561,7.518,9.542,0.921,0.739,0.825,0.645,0.578,0.58,0.759,0.846,0.753,0.799,0.702,0.732,0.667,0.766,0.866,1.346,6.489,7.79,6.307,7.043,3.303,1.193,1.091,0.656,0.551,0.643,0.587,0.368,2.275,2.662
7.0,0.651,0.751,0.798,0.764,0.762,0.887,1.072,7.376,8.431,6.934,9.795,8.167,4.241,2.234,1.292,1.07,0.914,0.877,0.877,0.74,0.792,0.654,0.829,1.505,0.765,0.762,1.05,1.076,0.869,0.843,0.843,0.884,2.518,1.296,1.604,2.274,4.303,5.531,8.452,7.594,1.658,7.978,9.212,1.085,1.006,0.872,0.79,0.71,0.736,0.857,0.876,0.867,0.729,0.837,0.792,0.832,0.783,0.906,1.616,8.119,7.476,6.869,7.609,3.627,1.408,1.259,0.721,0.699,0.782,0.769,0.676,2.482,2.777
8.0,0.62,0.711,0.776,0.733,0.727,0.821,1.591,7.886,8.77,7.696,9.684,9.362,5.161,3.013,1.8,1.022,0.909,0.948,0.854,0.76,0.774,0.6,0.809,1.399,0.741,0.686,0.977,1.028,0.887,0.826,0.852,1.812,2.993,2.002,2.375,3.441,4.54,5.907,8.518,8.034,1.93,9.003,8.333,5.586,1.057,0.841,0.776,0.707,0.731,0.865,0.822,0.843,0.743,0.821,0.784,0.82,0.777,1.131,1.628,8.017,7.825,8.419,7.789,3.676,2.799,1.293,0.717,0.676,0.759,0.731,0.642,2.741,2.934
9.0,0.676,0.757,0.862,0.832,0.799,0.824,2.274,7.64,8.75,9.67,9.425,9.928,5.794,3.415,2.226,1.069,0.894,0.993,0.917,0.806,0.794,0.691,0.814,1.296,0.842,0.716,0.941,1.012,0.981,0.882,0.943,2.592,3.04,2.449,2.936,4.871,5.132,6.47,8.245,8.168,4.862,9.005,7.84,6.387,1.104,0.816,0.821,0.74,0.709,0.9,0.863,0.809,0.779,0.761,0.799,0.871,0.815,2.397,4.148,8.059,7.972,9.023,7.633,4.276,3.345,1.369,0.986,0.726,0.803,0.775,0.599,3.005,3.017
10.0,0.66,0.743,0.895,0.845,0.799,1.205,2.845,7.485,9.207,10.265,9.319,10.225,6.216,3.765,2.641,1.173,1.005,1.015,0.969,0.832,0.831,0.817,0.824,1.278,0.912,0.793,0.948,1.114,1.069,1.635,2.211,2.667,2.89,2.578,2.981,5.419,5.654,6.83,8.247,8.681,6.39,8.767,7.784,6.707,1.129,0.859,0.842,0.731,0.783,0.894,0.895,0.854,0.8,0.823,0.816,0.844,2.158,2.28,5.961,8.386,8.162,9.135,7.59,6.038,3.621,1.64,1.089,0.772,0.856,0.801,0.628,3.233,3.101
11.0,0.695,0.766,0.906,0.854,0.831,1.2,5.037,7.301,9.332,10.86,9.614,10.385,7.249,4.572,3.177,1.462,1.067,1.15,1.15,0.991,0.932,0.833,0.873,1.227,0.969,0.826,0.995,1.724,2.249,2.104,2.465,2.683,2.732,3.634,3.253,6.226,6.537,6.871,8.473,8.809,6.748,8.431,7.443,6.9,1.251,1.039,0.86,0.884,0.779,0.857,0.871,0.877,0.901,0.87,0.853,0.838,2.032,3.646,6.547,8.447,8.43,9.342,7.425,6.654,4.054,2.772,1.156,0.799,0.888,0.811,0.667,3.48,3.157
12.0,0.678,0.774,0.898,0.885,0.829,1.449,5.504,7.24,9.396,10.99,9.407,10.355,7.65,6.57,3.515,2.15,1.168,1.215,1.253,1.022,0.972,0.933,0.903,1.12,0.949,0.948,2.868,2.289,2.622,2.308,2.52,2.638,2.622,5.057,3.612,7.005,6.577,7.429,8.587,8.958,7.008,8.707,7.48,6.996,2.836,1.069,0.895,0.922,0.828,0.891,0.86,0.897,0.937,0.847,0.886,0.943,3.355,4.061,6.704,8.414,8.894,9.416,7.454,6.949,4.18,3.231,1.212,0.839,0.899,0.819,0.703,3.718,3.187
13.0,0.742,0.862,0.953,0.944,0.942,2.208,6.031,7.541,9.362,10.777,9.196,10.214,7.855,7.205,3.642,2.618,1.273,1.37,1.33,1.085,0.967,0.987,1.006,1.076,0.956,1.389,3.26,4.086,2.708,2.503,2.539,2.604,2.538,6.162,5.796,7.28,6.772,7.692,8.708,9.145,7.271,9.154,7.62,6.842,4.659,1.143,0.974,0.924,0.889,0.895,0.879,0.942,0.887,0.842,0.919,1.77,3.997,5.46,7.078,8.415,9.192,9.335,7.463,6.851,5.685,3.715,1.258,0.998,0.921,0.884,0.789,3.986,3.208
14.0,1.121,0.92,0.996,1.018,2.253,3.801,6.333,7.747,9.42,10.27,9.028,9.766,8.03,7.753,3.588,2.636,2.372,1.48,1.473,1.093,1.0,1.04,1.086,1.057,1.007,1.663,3.883,4.276,3.115,2.632,2.589,2.66,3.186,6.737,6.305,7.474,6.967,8.032,8.88,9.303,7.514,9.17,7.817,6.753,5.573,1.256,1.043,0.964,0.955,0.891,0.887,0.939,0.939,0.921,0.933,3.26,4.866,6.336,7.445,8.383,9.181,9.145,7.6,6.96,6.321,4.056,1.274,1.083,0.976,0.981,0.877,4.215,3.172
15.0,1.15,0.994,1.04,1.422,2.831,5.288,6.718,7.996,9.376,9.572,8.909,9.304,8.148,7.784,3.484,2.822,2.526,1.843,1.604,1.221,1.05,1.04,1.139,1.22,1.039,2.607,4.104,4.673,3.373,2.641,2.71,2.731,4.508,7.08,6.869,7.61,7.307,8.332,8.881,9.36,7.535,9.11,8.22,6.859,6.044,1.899,1.179,1.007,1.038,0.912,0.927,0.933,0.992,0.964,2.079,4.282,5.697,6.706,7.489,8.618,9.238,8.975,7.846,7.131,6.297,5.352,2.228,1.204,1.024,1.016,0.94,4.451,3.114
16.0,1.233,1.126,1.066,2.186,4.074,5.874,7.007,8.458,9.161,9.165,8.788,8.892,8.081,7.949,4.245,3.01,2.67,2.308,1.671,1.275,1.078,1.068,1.205,1.422,1.254,3.022,4.6,4.92,4.059,2.941,2.768,2.903,5.522,7.289,7.228,7.644,7.528,8.359,8.836,9.304,7.7,9.006,8.496,6.892,6.079,3.797,1.714,1.062,1.046,0.915,1.01,0.922,1.054,1.181,3.201,4.953,5.989,7.076,7.622,8.7,9.198,8.856,8.257,7.191,6.557,5.556,2.733,1.261,1.061,1.066,0.989,4.681,3.039
17.0,1.227,1.151,1.102,2.856,4.728,6.545,7.811,8.603,8.963,8.763,8.675,8.527,8.088,8.034,4.973,3.195,2.816,2.615,2.295,1.476,1.513,1.093,1.2,1.5,1.643,3.699,5.237,5.264,4.412,3.278,2.968,3.214,6.3,7.609,7.483,7.738,7.813,8.584,8.81,9.257,7.868,8.915,8.533,7.025,6.162,4.629,2.0,1.13,1.079,0.963,1.038,0.977,1.092,1.54,4.087,5.329,6.313,7.106,7.731,8.717,9.029,8.768,8.393,7.227,6.685,5.733,3.664,1.41,1.074,1.095,1.015,4.893,2.976
18.0,1.273,1.227,1.568,3.415,5.802,7.558,8.229,8.706,8.784,8.383,8.524,8.119,8.096,8.067,5.689,3.36,2.869,2.757,2.478,2.154,2.016,1.091,1.237,1.552,2.313,4.344,5.963,5.994,4.886,3.674,3.285,4.127,6.832,7.797,7.568,7.858,7.932,8.574,8.722,9.119,8.223,8.74,8.304,7.28,6.166,5.202,3.369,1.807,1.107,1.078,1.067,1.015,1.226,2.014,4.467,5.668,6.763,7.259,7.816,8.603,8.878,8.768,8.468,7.521,6.835,6.185,4.594,1.586,1.181,1.093,1.039,5.145,2.881
19.0,1.327,1.363,2.259,4.197,6.556,7.826,8.399,8.737,8.579,8.102,8.362,7.844,8.118,7.935,6.127,3.52,3.102,2.902,2.913,3.186,2.63,1.11,1.333,1.576,2.9,4.878,6.051,6.22,5.342,4.098,3.532,5.074,7.275,7.827,7.568,8.031,8.011,8.486,8.683,8.943,8.433,8.465,8.209,7.367,6.369,5.664,4.134,2.55,1.116,1.103,1.067,1.042,1.414,2.705,4.898,5.877,6.929,7.325,7.793,8.521,8.766,8.748,8.612,7.801,6.944,6.345,5.257,2.249,1.236,1.09,1.078,5.353,2.763
20.0,1.341,1.482,2.759,4.979,7.378,7.907,8.713,8.79,8.448,7.871,8.083,7.654,7.987,7.807,6.653,4.117,3.251,3.025,3.416,3.408,3.31,1.535,1.403,1.66,3.22,5.453,6.039,6.571,5.812,4.886,4.402,5.872,7.641,7.899,7.628,8.254,8.158,8.414,8.615,8.717,8.741,8.144,8.137,7.523,6.468,5.862,4.703,3.617,1.445,1.147,1.075,1.082,1.862,3.476,5.132,6.011,6.925,7.488,8.131,8.381,8.686,8.671,8.715,8.176,7.214,6.555,5.872,3.017,1.312,1.17,1.137,5.584,2.655
22.0,1.631,2.203,3.877,6.525,8.068,8.724,9.073,8.869,8.337,7.479,7.609,7.343,7.702,7.553,7.302,5.416,4.262,3.711,3.775,4.217,4.161,2.866,2.13,2.682,5.018,5.87,6.228,6.597,6.501,5.827,5.957,7.047,7.726,8.196,7.966,8.5,8.071,8.29,8.454,8.168,8.824,7.567,8.002,7.421,6.686,6.007,5.462,4.624,3.378,1.157,1.136,1.183,2.823,4.679,5.862,6.369,6.984,7.584,8.109,8.124,8.486,8.661,8.939,8.509,7.786,7.641,6.567,5.444,2.303,1.298,1.164,6.038,2.368
24.0,2.901,3.719,5.416,7.706,8.491,9.104,9.205,8.982,8.197,7.271,7.204,7.124,7.439,7.348,7.358,6.18,5.268,4.846,4.887,5.414,5.523,3.725,3.508,4.608,5.446,6.014,6.441,6.692,6.9,6.486,6.674,7.366,7.905,8.341,8.41,8.525,7.96,8.064,8.357,7.655,8.65,7.195,7.639,7.417,6.911,6.281,5.941,5.598,4.386,1.224,1.193,1.727,4.07,5.334,6.176,6.63,7.168,7.51,7.827,7.877,8.337,8.563,9.011,8.933,8.257,8.183,7.928,6.729,4.503,2.281,1.327,6.471,2.018
26.0,4.135,5.293,6.88,8.225,8.914,9.249,9.172,8.866,8.16,7.173,7.005,7.042,7.295,7.115,7.435,6.981,6.146,5.622,5.739,5.896,5.81,5.124,5.087,4.916,5.795,6.403,6.484,6.597,6.929,6.924,7.151,7.605,8.091,8.287,8.838,8.516,7.672,7.75,8.384,7.423,8.351,6.937,7.333,7.343,7.117,6.453,6.174,6.006,5.101,1.533,1.571,3.089,5.016,5.98,6.447,6.786,7.102,7.337,7.6,7.647,8.153,8.487,8.915,9.003,8.881,8.784,8.644,8.065,6.378,3.991,1.838,6.82,1.711
28.0,5.744,6.506,7.624,8.584,9.085,9.186,9.099,8.717,8.18,7.09,6.965,6.975,7.128,7.033,7.361,7.11,6.668,6.306,6.288,6.212,6.089,5.755,5.441,5.336,6.038,6.53,6.581,6.546,6.8,7.133,7.366,7.68,7.976,8.143,8.964,8.697,7.457,7.515,8.37,7.367,7.914,6.78,7.05,7.145,7.061,6.879,6.474,6.218,5.902,3.011,3.001,4.123,5.648,6.201,6.63,6.78,6.977,7.168,7.375,7.509,8.143,8.43,8.809,9.032,9.065,9.108,8.994,8.653,7.836,5.565,2.98,7.072,1.388
30.0,6.58,7.24,8.195,8.933,9.157,9.122,8.939,8.622,8.147,7.169,7.088,7.068,7.056,6.982,7.15,7.084,6.883,6.6,6.501,6.405,6.42,5.857,5.785,5.733,6.418,6.638,6.594,6.593,6.685,7.028,7.329,7.622,7.731,8.038,8.95,8.582,7.315,7.519,8.216,7.454,7.686,6.804,6.987,6.954,7.047,7.031,6.808,6.48,6.063,4.172,4.214,5.199,6.086,6.502,6.68,6.745,6.815,6.98,7.254,7.411,8.112,8.264,8.672,9.007,9.079,9.156,9.215,9.075,8.323,7.23,5.178,7.249,1.126
32.0,7.0,7.882,8.616,9.069,9.162,9.049,8.737,8.453,8.046,7.348,7.26,7.232,7.013,6.907,7.057,6.971,6.842,6.67,6.536,6.496,6.452,6.299,6.028,6.08,6.5,6.676,6.634,6.631,6.642,6.838,7.213,7.432,7.514,8.134,8.845,8.394,7.382,7.643,8.074,7.614,7.63,6.956,7.032,6.858,6.922,6.943,6.819,6.706,6.333,5.317,5.424,5.735,6.342,6.581,6.705,6.691,6.699,6.924,7.258,7.489,7.975,8.129,8.542,8.896,9.047,9.096,9.179,9.191,8.861,8.098,6.386,7.354,0.977
34.0,7.624,8.285,8.912,9.168,9.09,8.881,8.596,8.278,7.944,7.57,7.438,7.47,7.121,6.897,6.938,6.854,6.73,6.626,6.556,6.544,6.586,6.475,6.437,6.478,6.621,6.669,6.637,6.654,6.649,6.777,7.015,7.194,7.407,8.15,8.716,8.287,7.514,7.718,8.018,7.673,7.657,7.158,7.244,6.933,6.811,6.838,6.81,6.742,6.588,5.735,5.791,6.031,6.519,6.674,6.674,6.646,6.742,6.97,7.34,7.678,7.909,7.981,8.332,8.73,8.922,8.978,9.126,9.187,9.083,8.458,7.256,7.419,0.908
36.0,8.287,8.743,9.059,9.149,9.005,8.681,8.427,8.121,7.844,7.703,7.681,7.642,7.396,6.948,6.881,6.803,6.682,6.601,6.561,6.591,6.616,6.581,6.558,6.509,6.668,6.638,6.654,6.69,6.7,6.722,6.913,7.079,7.487,8.065,8.551,8.2,7.631,7.697,7.926,7.709,7.705,7.408,7.436,7.077,6.817,6.739,6.737,6.732,6.671,6.005,5.996,6.353,6.613,6.664,6.639,6.683,6.83,7.079,7.398,7.749,7.847,7.912,8.165,8.574,8.793,8.846,8.99,9.129,9.171,8.836,8.058,7.466,0.877
38.0,8.901,9.074,9.167,9.074,8.838,8.499,8.229,7.985,7.809,7.764,7.749,7.703,7.619,7.143,6.869,6.809,6.691,6.63,6.626,6.632,6.638,6.639,6.693,6.684,6.664,6.637,6.682,6.712,6.737,6.773,6.834,7.019,7.679,7.954,8.397,8.082,7.648,7.703,7.867,7.761,7.703,7.594,7.688,7.319,6.969,6.753,6.67,6.68,6.711,6.247,6.357,6.558,6.655,6.656,6.654,6.78,6.974,7.238,7.713,7.791,7.8,7.834,8.053,8.373,8.631,8.715,8.811,9.057,9.158,9.054,8.517,7.512,0.844
40.0,7.791,7.791,7.791,7.791,7.791,7.791,7.791,7.791,7.791,7.791,7.791,7.791,7.791,7.791,7.791,7.791,7.791,7.791,7.791,7.791,7.791,7.791,7.791,7.791,7.791,7.791,7.791,7.791,7.791,7.791,7.791,7.791,7.791,7.791,7.791,7.791,7.791,7.791,7.791,7.791,7.791,7.791,7.791,7.791,7.791,7.791,7.791,7.791,7.791,7.791,7.791,7.791,7.791,7.791,7.791,7.791,7.791,7.791,7.791,7.791,7.791,7.791,7.791,7.791,7.791,7.791,7.791,7.791,7.791,7.791,7.791,7.791,0.0
mean,2.589,2.819,3.229,3.848,4.425,4.956,5.754,7.16,7.761,7.561,7.898,7.693,6.327,5.617,4.386,3.577,3.188,3.011,2.965,2.883,2.826,2.475,2.475,2.826,2.882,3.415,4.011,4.138,3.864,3.625,3.666,4.058,4.849,5.621,5.536,6.147,6.113,6.489,7.693,7.484,6.058,7.356,7.435,5.688,4.411,3.592,3.141,2.854,2.532,1.976,1.97,2.161,2.536,2.867,3.399,3.848,4.441,4.944,5.735,7.184,7.699,7.581,7.232,6.403,5.552,4.985,4.107,3.476,3.047,2.65,2.183
std dev,2.877,3.085,3.325,3.536,3.668,3.633,3.34,2.565,2.264,2.512,2.234,2.33,2.305,2.628,2.622,2.56,2.54,2.478,2.485,2.579,2.594,2.507,2.431,2.234,2.607,2.685,2.595,2.634,2.639,2.605,2.664,2.745,2.827,2.855,3.192,2.919,2.418,2.686,2.16,2.297,2.927,2.183,2.127,2.634,2.807,2.806,2.72,2.67,2.558,2.108,2.139,2.267,2.495,2.628,2.72,2.791,2.83,2.879,2.852,2.375,2.182,2.484,2.496,2.629,3.049,3.218,3.537,3.57,3.383,3.07,2.667
