,"""C1""","""C2""","""C3""","""C4""","""C5""","""C6""","""C7""","""C8""","""C9""","""C10""","""C11""","""C12""","""C13""","""C14""","""C15""","""C16""","""C17""","""C18""","""C19""","""C20""","""C21""","""C22""","""C23""","""C24""","""C25""","""C26""","""C27""","""C28""","""C29""","""C30""","""C31""","""C32""","""C33""","""C34""","""C35""","""C36""","""C37""","""C38""","""C39""","""C40""","""C41""","""C42""","""C43""","""C44""","""C45""","""C46""","""C47""","""C48""","""C49""","""C50""","""C51""","""C52""","""C53""","""C54""","""C55""","""C56""","""C57""","""C58""","""C59""","""C60""","""C61""","""C62""","""C63""","""C64""","""C65""","""C66""","""C67""","""C68""","""C69""","""C70""","""C71""","""C72""","""C73""","""C74""","""C75""","""C76""","""C77""","""C78""","""C79""","""C80""","""C81""","""C82""","""C83""","""C84""","""C85""","""C86""","""C87""","""C88""","""C89""","""C90""","""C91""","""C92""","""C93""","""C94""","""C95""","""C96""","""C97""","""C98""","""C99""","""C100""","""C101""","""C102""","""C103""","""C104""","""C105""","""C106""","""C107""","""C108""","""C109""","""C110""","""C111""","""C112""","""C113""","""C114""","""C115""","""C116""","""C117""","""C118""","""C119""","""C120""","""C121""","""C122""","""C123""","""C124""","""C125""","""C126""","""C127""","""C128""","""C129""","""C130""","""C131""","""C132""","""C133""","""C134""","""C135""","""C136""","""C137""","""C138""","""C139""","""C140""","""C141""","""C142""","""C143""","""C144""","""C145""","""C146"""
radius,G,C,C,C,G,G,A,U,A,G,C,U,C,A,G,U,C,G,G,U,A,G,A,G,C,A,G,C,G,G,C,U,A,A,A,A,C,A,G,C,U,C,U,G,G,G,A,C,C,C,C,A,G,A,G,G,C,C,C,A,C,G,U,G,G,C,G,G,C,U,A,G,U,A,C,U,C,C,G,G,U,A,U,U,G,C,G,G,U,A,C,C,C,U,U,G,U,A,C,G,C,C,U,G,U,U,U,U,A,G,C,C,G,C,G,G,G,U,C,C,A,G,G,G,U,U,C,A,A,G,U,C,C,C,U,G,U,U,C,G,G,G,C,G,C,C,mean,std dev
2.0,0.026,0.048,0.062,0.04,0.033,0.032,0.065,0.046,0.089,0.061,0.055,0.033,0.045,0.022,0.041,0.069,0.062,0.049,0.028,0.049,0.044,0.028,0.027,0.023,0.058,0.029,0.038,0.043,0.033,0.043,0.036,0.048,0.033,0.035,0.025,0.034,0.037,0.05,0.036,0.043,0.071,0.039,0.04,0.06,0.024,0.033,0.033,0.04,0.04,0.056,0.05,0.036,0.04,0.028,0.018,0.029,0.044,0.06,0.083,0.027,0.048,0.032,0.105,0.016,0.017,0.053,0.048,0.038,0.057,0.06,0.054,0.035,0.049,0.027,0.044,0.031,0.07,0.07,0.044,0.027,0.042,0.033,0.025,0.037,0.031,0.024,0.055,0.026,0.046,0.019,0.034,0.032,0.044,0.039,0.042,0.043,0.04,0.035,0.05,0.027,0.031,0.034,0.045,0.025,0.042,0.034,0.031,0.031,0.036,0.031,0.042,0.051,0.024,0.038,0.044,0.03,0.031,0.081,0.07,0.044,0.033,0.03,0.048,0.038,0.041,0.03,0.042,0.013,0.038,0.06,0.056,0.058,0.078,0.05,0.039,0.041,0.048,0.042,0.033,0.028,0.056,0.047,0.055,0.041,0.045,0.041,0.042,0.015
3.0,0.273,0.095,0.186,0.115,0.118,0.104,0.664,0.35,0.45,0.142,0.086,0.122,0.291,0.241,0.316,0.89,1.634,1.166,0.244,1.539,0.199,0.113,0.15,0.077,0.488,0.275,0.223,0.191,0.194,0.248,0.14,0.182,0.17,0.279,0.183,0.179,0.079,0.317,0.23,0.081,0.443,0.129,0.225,0.333,0.233,0.147,0.979,0.138,0.225,0.291,0.09,0.183,0.18,0.218,0.629,0.138,0.25,0.226,0.346,0.97,1.286,0.902,0.474,0.259,0.113,0.83,1.078,0.75,0.86,1.175,1.022,0.166,0.14,0.144,0.293,0.087,0.161,0.377,0.192,0.147,0.084,1.033,0.073,0.462,0.988,0.768,2.051,0.173,0.164,0.243,0.113,0.16,0.136,0.421,0.913,0.297,0.076,0.213,0.18,0.111,0.168,0.298,0.122,0.138,0.07,0.128,0.227,0.276,0.204,0.132,0.105,0.085,0.186,0.134,0.522,0.298,1.079,1.132,0.676,0.098,0.137,0.113,0.199,0.1,0.196,0.126,0.119,0.132,1.164,0.243,0.603,0.321,0.334,0.114,0.096,0.186,0.127,0.161,0.064,0.243,0.335,0.264,0.089,0.188,0.202,0.178,0.347,0.357
4.0,0.367,0.245,0.341,0.174,0.154,0.246,0.975,1.304,0.751,0.255,0.428,0.26,0.872,0.615,0.737,1.117,1.839,1.174,0.902,1.506,1.684,0.164,0.22,0.107,0.818,0.883,0.431,0.676,0.269,0.384,0.16,0.275,0.384,0.46,0.301,0.247,0.11,0.285,0.391,0.097,0.633,0.167,0.389,0.481,0.348,0.239,1.577,1.094,0.238,0.38,0.26,0.288,0.3,0.262,0.781,2.332,0.418,0.266,7.873,1.814,1.255,1.354,0.685,1.634,0.241,0.783,2.687,1.044,1.562,1.492,1.416,0.507,0.329,0.229,0.348,0.337,8.923,12.82,1.168,0.384,0.306,0.956,0.5,1.898,1.257,0.86,2.291,2.282,0.226,0.632,0.392,0.367,0.182,0.506,8.416,0.996,0.347,0.317,0.238,0.251,1.534,4.487,0.231,0.29,0.143,0.179,0.27,0.436,0.294,0.177,0.159,0.168,0.534,0.248,0.837,1.549,2.248,1.954,1.108,0.154,0.223,0.167,0.419,0.225,0.311,0.55,0.152,0.288,1.33,1.214,0.646,0.58,0.544,0.153,0.172,0.315,0.203,0.282,0.488,0.4,0.489,0.602,0.247,0.562,0.241,0.195,0.912,1.611
5.0,0.41,0.531,0.597,0.219,0.315,0.496,1.061,2.208,2.095,0.888,0.544,0.85,1.246,0.809,0.96,1.371,2.15,1.19,1.697,1.783,2.178,0.996,0.506,0.625,0.965,0.918,0.982,0.87,0.71,0.509,0.391,0.409,0.761,0.59,0.513,0.695,0.937,2.772,0.674,6.395,0.803,0.585,0.816,0.615,0.571,0.268,1.978,1.172,0.586,0.492,0.385,0.488,0.875,0.45,1.518,3.207,3.062,6.241,12.851,2.264,3.023,2.003,1.321,1.857,0.779,8.342,3.271,5.465,2.89,1.435,2.249,1.614,0.433,0.308,0.421,0.507,11.433,14.523,1.739,0.988,1.104,1.792,1.321,1.973,2.184,1.748,3.283,2.772,0.753,0.789,0.636,0.494,0.574,9.317,11.653,1.287,0.531,0.399,0.337,1.153,3.158,6.232,0.477,0.475,0.304,0.348,0.347,0.546,0.465,0.339,0.32,0.64,0.733,0.66,1.743,2.481,2.525,2.13,2.441,0.764,0.296,0.309,0.449,0.3,0.671,0.703,0.374,0.512,1.674,1.329,1.112,0.693,0.501,0.476,0.402,0.332,0.331,0.436,0.68,0.572,0.721,0.708,0.622,0.763,0.512,0.219,1.613,2.345
6.0,0.729,0.533,0.598,0.297,0.393,0.621,1.304,2.561,2.767,0.993,0.664,0.934,1.321,1.035,1.167,3.338,2.364,1.337,1.861,1.953,2.228,1.083,0.567,0.627,1.03,1.037,1.127,0.928,0.709,0.609,0.47,0.444,0.843,0.602,0.504,0.657,0.887,3.885,3.711,7.299,0.791,0.61,0.842,0.643,0.727,0.879,2.404,1.21,0.817,0.563,0.427,0.487,0.856,0.673,1.737,4.18,3.586,8.229,12.137,10.243,4.541,2.523,1.641,2.004,3.815,9.321,3.606,7.642,3.736,1.6,3.505,1.855,0.421,0.375,0.45,0.681,10.989,15.131,2.021,0.935,1.345,1.791,1.472,2.121,2.694,2.291,3.444,3.104,1.022,0.847,0.605,0.505,1.12,13.455,12.267,1.231,0.567,0.374,0.422,1.739,3.954,6.691,0.709,0.485,3.492,0.58,0.574,0.524,0.532,0.378,0.34,0.865,0.87,0.867,2.364,3.374,3.065,3.675,2.387,0.754,0.329,0.367,0.436,0.338,0.688,0.736,0.532,0.997,1.654,1.605,1.482,1.245,0.521,0.505,0.4,0.34,0.393,0.512,0.698,0.664,0.693,0.746,0.704,0.832,0.633,0.495,2.002,2.681
7.0,0.747,0.568,0.618,0.359,0.454,0.746,1.239,2.549,3.107,1.647,0.743,0.938,1.416,1.266,2.483,3.699,3.118,1.605,1.788,2.035,2.348,1.337,0.714,0.684,1.087,1.117,1.175,0.967,0.743,0.67,0.507,0.51,0.845,0.711,0.52,0.657,0.827,4.872,6.702,9.048,0.778,0.728,0.841,0.811,0.819,1.008,2.462,7.271,0.884,0.644,0.467,0.489,0.858,0.75,1.947,4.41,4.107,9.869,12.769,15.894,4.594,3.049,1.691,2.316,5.438,10.002,3.643,9.151,4.509,2.213,3.854,3.076,0.679,0.424,0.45,0.774,11.373,13.975,2.194,0.996,1.41,1.814,1.812,2.354,2.97,2.514,3.442,3.394,1.234,0.899,0.583,0.542,1.409,14.971,12.799,1.225,0.582,0.416,0.522,1.863,4.181,7.122,5.161,2.57,4.84,0.596,0.652,0.545,0.55,0.372,0.368,0.891,0.83,0.917,2.696,3.443,2.993,4.241,2.344,0.9,0.376,0.371,0.435,0.435,0.71,0.796,0.548,1.139,1.529,1.875,1.606,1.316,0.533,0.533,0.428,0.374,0.431,0.621,0.756,0.738,0.717,0.787,0.844,0.876,0.682,0.575,2.345,3.041
8.0,0.88,0.68,0.64,0.511,0.607,0.867,1.35,2.479,3.18,1.688,1.045,0.896,1.425,1.371,3.062,3.72,3.165,1.738,1.683,2.175,2.296,1.371,0.964,0.747,1.13,1.144,1.251,0.986,0.761,0.706,0.538,0.561,0.835,0.733,0.537,0.659,1.929,5.552,9.896,9.615,1.693,0.801,0.88,0.809,0.874,1.015,6.224,8.837,0.996,0.701,0.667,0.665,0.815,0.897,2.103,4.956,5.637,10.554,13.089,16.632,4.396,3.439,2.69,4.04,7.2,9.942,3.569,10.259,5.448,3.381,4.275,3.688,0.807,0.486,0.512,0.891,11.232,13.712,2.381,1.063,1.375,1.756,2.242,2.904,3.243,2.697,3.45,3.569,1.802,0.985,0.716,0.607,1.668,15.165,13.635,4.968,0.596,0.532,0.683,1.884,5.005,7.519,6.725,5.15,7.616,0.6,0.661,0.587,0.547,0.403,0.584,0.813,0.797,0.997,2.826,3.31,2.952,4.412,2.387,1.584,1.286,0.41,0.456,0.533,0.763,0.785,0.587,1.198,1.394,2.115,1.589,1.31,0.558,0.544,0.498,0.449,0.523,0.669,0.818,0.752,0.715,0.773,0.89,0.886,0.814,0.628,2.668,3.259
9.0,0.919,0.826,0.682,0.598,0.746,0.964,1.419,2.287,3.052,2.093,1.231,0.962,1.64,1.406,2.875,3.549,3.37,1.924,1.695,2.15,2.239,1.963,1.4,0.915,1.121,1.312,2.103,1.064,0.821,0.76,0.599,0.681,0.82,0.794,0.55,0.733,4.058,6.115,10.506,9.923,2.324,0.928,0.88,0.828,0.858,0.976,9.924,9.082,1.131,0.735,0.748,0.713,0.799,0.895,3.236,6.081,6.739,11.507,12.929,16.841,4.24,3.689,2.981,5.329,7.45,9.858,6.891,10.618,5.712,3.602,4.365,3.943,1.088,0.585,0.55,1.459,11.564,14.409,12.197,1.729,1.443,1.762,2.303,3.065,3.4,3.263,3.459,3.554,2.539,1.208,0.955,0.661,6.653,15.433,13.685,6.015,0.714,0.593,1.352,2.908,5.403,7.798,7.701,6.732,8.12,0.6,0.646,0.597,0.565,0.517,0.69,0.798,0.816,1.75,2.844,3.143,3.125,4.178,2.433,2.879,1.863,0.462,0.48,0.591,0.815,0.815,0.66,1.317,1.36,2.112,1.708,1.346,0.671,0.571,0.519,0.52,0.6,0.809,0.842,0.752,0.703,0.814,1.012,0.875,0.868,0.684,3.037,3.503
10.0,1.018,0.904,0.722,0.638,0.849,1.344,1.52,2.26,2.909,2.341,1.452,1.349,1.711,2.038,2.879,3.444,3.558,2.165,1.909,2.079,2.186,2.298,1.714,1.346,1.389,1.581,2.352,1.112,0.907,0.775,0.645,0.697,0.834,0.801,0.644,0.719,5.069,6.779,10.857,10.365,3.104,0.957,0.888,0.86,0.887,0.952,10.374,9.55,4.446,0.85,0.766,0.764,0.81,1.237,3.381,6.169,7.235,11.764,13.132,16.581,4.16,5.379,2.971,5.799,9.114,10.594,8.187,10.992,6.445,3.932,4.898,4.148,2.415,0.716,0.658,3.979,11.731,14.404,12.725,2.004,1.458,1.914,2.621,3.104,3.415,3.417,3.463,3.544,2.79,1.361,1.026,1.347,9.146,15.022,13.889,8.283,1.362,1.172,1.705,3.699,5.78,7.779,7.933,7.166,8.121,2.165,0.66,0.677,0.576,0.567,0.761,0.794,0.861,2.215,2.719,3.036,3.378,3.908,2.448,2.807,2.378,0.474,0.472,0.655,0.834,0.92,0.933,1.422,1.588,2.043,1.953,1.342,0.82,0.583,0.531,0.55,0.678,0.929,0.942,0.763,0.706,0.927,1.075,0.897,0.935,0.701,3.317,3.591
11.0,1.097,1.057,0.817,0.685,0.915,1.499,1.658,2.17,2.817,2.571,1.702,1.41,1.73,2.725,2.808,3.348,3.471,2.489,1.975,1.992,2.207,2.304,1.933,1.436,1.552,1.714,2.394,1.83,0.927,0.79,0.667,0.756,0.833,1.685,0.714,0.717,5.931,7.607,11.315,10.525,4.462,1.039,0.881,0.911,0.896,0.916,10.533,9.355,6.119,0.91,0.827,0.864,0.823,1.546,3.949,6.861,7.865,12.245,13.484,15.916,6.536,7.806,2.909,8.55,9.738,10.771,9.506,11.06,6.881,6.332,5.35,4.031,2.828,0.722,0.741,5.915,11.824,14.153,12.826,2.051,1.384,2.058,2.909,3.202,3.516,3.383,3.496,3.491,3.009,1.458,1.246,1.415,11.77,14.842,13.881,10.674,1.44,1.481,2.087,4.224,6.332,7.921,8.143,7.845,8.234,3.508,0.659,0.665,0.616,0.704,0.782,0.789,1.221,2.272,2.64,2.971,3.625,3.723,2.541,2.691,2.304,0.501,0.495,0.79,0.944,0.961,1.089,1.461,1.613,2.061,2.44,1.369,0.896,0.59,0.549,0.588,0.788,0.971,1.1,0.895,0.752,0.958,1.14,0.992,0.955,0.709,3.592,3.735
12.0,1.113,1.159,0.943,0.757,0.964,1.595,1.719,2.213,2.692,2.575,1.969,1.593,1.762,2.661,2.806,3.317,3.344,2.493,2.481,1.958,2.269,2.506,1.941,1.668,1.6,1.897,2.386,2.056,0.974,0.875,0.769,0.766,1.6,2.491,3.16,0.729,6.18,8.999,11.459,10.956,5.867,1.657,0.901,0.952,0.925,0.95,10.273,9.272,7.085,0.968,0.846,0.887,0.869,1.8,5.02,7.289,9.6,12.687,13.568,15.194,9.25,9.231,6.569,9.208,10.391,10.951,10.137,11.398,7.154,6.314,5.81,4.6,3.092,1.201,0.82,7.613,12.741,14.229,13.408,3.726,1.404,2.089,3.291,3.414,3.469,3.379,3.45,3.49,3.331,1.629,1.437,1.591,12.767,14.487,14.06,11.38,2.34,2.085,3.558,5.295,6.663,8.2,8.686,8.589,8.419,5.165,0.668,0.657,0.807,0.751,0.94,0.811,1.593,2.244,2.678,2.854,3.462,3.542,2.609,2.589,2.232,0.986,0.643,0.855,0.964,1.121,1.126,1.512,1.575,2.018,2.471,1.598,1.034,0.594,0.553,0.639,0.86,1.068,1.139,0.971,0.774,0.963,1.18,1.065,0.971,0.933,3.901,3.859
13.0,1.17,1.226,0.96,0.826,1.009,1.713,1.867,2.39,2.693,2.571,2.026,1.696,1.878,2.618,2.838,3.269,3.177,2.715,2.76,1.962,2.624,2.677,1.995,1.975,1.83,2.042,2.35,2.199,1.067,0.917,0.855,0.78,1.595,2.936,3.668,3.48,6.515,9.733,11.576,11.171,7.529,1.96,0.935,0.975,0.97,0.926,10.029,8.938,7.69,2.375,0.934,0.93,1.052,2.593,5.277,7.713,10.59,13.02,13.681,14.901,10.511,10.077,8.256,9.802,11.136,11.241,10.548,11.627,7.638,6.409,5.958,5.02,3.193,1.748,1.069,8.134,13.128,14.148,13.203,3.555,1.731,2.097,3.371,3.496,3.459,3.403,3.465,3.492,3.4,1.95,1.553,1.763,13.144,14.447,13.979,11.728,2.7,2.498,4.886,6.707,7.744,8.556,9.625,9.077,8.611,6.14,0.716,0.781,0.862,0.971,1.068,0.99,2.039,2.227,2.758,2.711,3.253,3.427,2.614,2.548,2.174,1.499,0.741,0.873,1.02,1.284,1.16,1.51,1.618,2.024,2.689,1.677,1.037,0.627,0.757,0.696,1.664,1.148,1.231,1.015,0.798,1.002,1.23,1.136,1.006,0.94,4.146,3.935
14.0,1.237,1.363,1.119,1.058,1.296,1.768,2.469,2.636,2.665,2.679,2.203,1.851,1.939,2.581,2.773,3.152,3.077,2.671,2.743,2.319,2.826,2.762,2.345,2.147,2.102,2.192,2.379,2.231,1.133,0.95,0.912,1.051,2.317,4.041,4.181,4.31,7.388,10.315,11.851,11.674,8.676,2.087,0.967,0.967,1.021,0.963,9.681,8.715,8.417,3.124,0.964,0.956,1.461,3.268,6.183,8.645,11.301,13.334,13.783,14.682,11.761,10.776,9.078,10.573,11.67,11.867,10.965,12.009,8.292,6.56,6.043,5.399,3.337,2.299,1.61,8.578,13.257,14.267,13.352,9.587,1.847,2.164,3.396,3.538,3.446,3.497,3.475,3.503,3.48,2.442,1.702,4.117,13.216,14.287,13.674,12.155,4.553,2.796,6.246,8.101,8.714,9.586,10.309,9.322,8.655,6.979,0.719,0.843,1.025,1.195,1.248,1.118,2.129,2.241,2.758,2.616,3.083,3.236,2.629,2.533,2.217,1.571,0.779,0.9,1.122,1.326,1.257,1.535,1.686,2.27,2.657,1.823,1.228,1.016,1.009,0.8,2.084,2.013,1.368,1.23,0.894,1.086,1.286,1.218,1.067,0.953,4.467,4.045
15.0,1.477,1.515,1.48,1.224,1.483,1.773,2.401,2.655,2.784,2.751,2.342,2.063,2.047,2.691,2.764,2.982,3.032,2.635,2.685,2.423,2.918,2.765,2.728,2.329,2.294,2.323,2.363,2.213,1.833,0.998,0.973,1.572,2.957,4.268,5.138,6.423,8.655,10.866,12.344,12.479,9.285,3.622,1.429,0.975,1.055,1.112,9.448,8.678,8.678,3.505,1.133,2.935,1.678,4.022,6.724,9.44,11.746,13.461,13.673,14.344,12.854,11.593,9.854,11.111,11.981,12.497,11.365,12.309,9.01,6.824,6.47,5.696,3.583,2.714,3.294,9.065,13.447,14.116,13.451,10.463,2.142,2.451,3.418,3.574,3.471,3.494,3.471,3.516,3.506,2.626,1.747,7.295,13.161,14.054,13.536,12.563,6.229,4.514,7.762,9.301,9.547,10.38,11.101,9.636,8.735,7.554,0.808,0.936,1.107,1.325,1.378,1.406,2.168,2.278,2.686,2.63,2.964,3.093,2.621,2.475,2.259,1.933,0.808,0.991,1.169,1.351,1.361,1.731,1.851,2.565,2.608,1.988,1.257,1.196,1.172,1.25,2.249,2.373,1.452,1.334,1.054,1.202,1.364,1.307,1.109,1.052,4.787,4.131
16.0,1.605,1.717,1.588,1.393,1.569,1.783,2.352,2.609,2.724,2.883,2.423,2.098,2.353,2.722,2.825,2.839,2.933,2.588,2.679,2.499,2.905,2.834,2.823,2.445,2.458,2.423,2.51,2.232,1.873,1.066,1.107,1.669,3.713,4.468,5.796,7.346,9.544,11.506,12.923,13.3,9.823,4.45,1.77,1.0,1.105,1.3,9.213,8.735,8.74,4.602,3.835,5.043,3.882,5.04,7.33,10.163,12.342,13.494,13.674,14.137,13.1,12.422,10.463,11.845,12.422,12.925,11.746,12.671,9.735,6.933,6.538,6.207,4.216,2.988,4.9,9.905,13.55,13.909,13.397,10.779,2.312,2.771,3.449,3.568,3.469,3.466,3.508,3.544,3.487,3.075,1.957,9.128,13.104,13.873,13.479,12.735,7.476,6.587,8.888,10.055,10.289,11.076,11.362,10.07,8.951,7.986,2.276,1.067,1.221,1.421,1.516,1.907,2.229,2.432,2.61,2.622,2.821,2.923,2.566,2.429,2.256,1.956,1.104,1.035,1.156,1.536,1.429,1.861,2.06,2.587,2.567,2.231,1.409,1.308,1.305,1.674,2.284,2.383,1.55,1.438,1.161,1.275,1.412,1.348,1.151,1.053,5.094,4.21
17.0,1.759,1.82,1.677,1.444,1.605,1.848,2.297,2.833,2.695,2.897,2.378,2.142,2.645,2.757,2.799,2.763,2.816,2.561,2.651,2.653,2.849,2.874,2.945,2.535,2.562,2.519,2.513,2.277,1.937,1.154,1.295,2.267,3.87,5.249,6.127,7.985,10.685,12.38,13.656,14.101,10.281,5.158,1.969,1.118,1.227,1.346,9.558,8.978,9.018,6.63,7.033,8.128,5.185,6.429,8.448,10.674,12.88,13.641,13.649,13.922,13.422,12.919,10.767,12.675,13.058,13.493,12.069,13.129,10.496,7.053,7.262,6.407,4.548,3.017,5.257,10.457,13.568,13.637,13.326,11.297,3.366,3.096,3.446,3.548,3.473,3.428,3.532,3.549,3.474,3.243,2.091,9.946,13.152,13.528,13.357,12.722,9.351,8.302,9.938,10.733,11.02,11.487,11.368,10.275,8.963,8.044,3.226,1.106,1.321,1.463,1.606,2.033,2.262,2.522,2.567,2.79,2.723,2.757,2.576,2.377,2.267,1.957,1.298,1.063,1.261,1.603,1.46,1.928,2.281,2.601,2.523,2.364,1.503,1.413,1.345,2.092,2.315,2.372,2.144,1.532,1.271,1.344,1.449,1.376,1.194,1.056,5.389,4.339
18.0,1.812,1.852,1.711,1.462,1.678,1.912,2.274,2.736,2.692,2.844,2.476,2.215,2.65,2.768,2.744,2.773,2.73,2.55,2.653,2.706,2.852,2.897,2.999,2.594,2.637,2.577,2.529,2.306,1.968,1.75,1.418,2.335,4.099,5.647,6.431,8.809,11.145,13.017,14.592,14.722,10.948,6.292,3.52,1.312,1.316,1.394,9.672,9.463,9.011,7.929,8.894,9.173,8.271,8.344,9.776,11.642,13.314,13.685,13.701,13.645,13.581,13.044,10.897,13.323,13.6,14.249,12.616,13.727,11.053,7.154,7.546,6.743,4.892,3.839,6.145,11.011,13.33,13.409,13.17,11.262,4.602,3.377,3.469,3.508,3.494,3.447,3.552,3.504,3.456,3.307,3.055,10.683,12.983,13.315,13.24,12.784,10.707,9.578,10.581,11.161,11.565,11.972,11.697,10.673,9.194,7.995,4.368,1.164,1.37,1.552,1.783,2.114,2.294,2.555,2.559,2.796,2.658,2.718,2.662,2.339,2.249,1.989,1.555,1.075,1.467,1.732,1.609,2.196,2.449,2.757,2.48,2.462,1.619,1.461,1.413,2.19,2.284,2.356,2.327,1.634,1.462,1.435,1.51,1.398,1.238,1.055,5.669,4.467
19.0,1.858,1.882,1.731,1.532,1.746,2.238,2.292,2.728,2.662,2.772,2.622,2.253,2.663,2.792,2.726,2.757,2.684,2.504,2.611,2.731,2.826,2.969,3.054,2.779,2.654,2.641,2.576,2.456,2.356,1.828,1.692,2.465,4.451,5.9,7.193,9.465,11.905,13.401,15.327,15.311,11.578,7.805,4.381,1.745,1.377,2.568,9.985,10.036,9.721,9.992,10.003,10.136,9.488,9.837,11.035,12.273,13.573,13.756,13.672,13.595,13.738,13.386,11.231,14.02,14.332,14.946,13.025,14.62,11.677,8.253,8.88,7.254,5.297,3.993,6.793,11.3,13.154,13.169,12.955,11.577,7.882,3.509,3.503,3.47,3.52,3.465,3.55,3.517,3.428,3.369,5.21,10.991,12.801,13.095,13.109,12.806,11.544,10.542,11.209,11.831,11.822,12.391,11.999,11.098,9.662,8.282,5.705,1.544,1.636,1.554,1.946,2.137,2.36,2.595,2.619,2.788,2.603,2.606,2.635,2.286,2.257,2.058,1.697,1.187,1.501,1.834,1.786,2.392,2.513,2.73,2.459,2.439,1.79,1.516,1.55,2.166,2.272,2.322,2.327,1.673,1.593,1.543,1.538,1.423,1.308,1.08,5.978,4.622
20.0,1.872,1.861,1.759,1.651,1.799,2.333,2.34,2.674,2.649,2.713,2.674,2.35,2.678,2.78,2.696,2.71,2.608,2.471,2.586,2.797,2.88,3.005,3.075,2.901,2.684,2.646,2.592,2.835,3.899,1.927,2.05,3.334,4.863,6.147,7.873,9.993,12.367,13.866,15.756,16.122,12.337,9.002,5.034,2.306,1.54,2.962,10.268,10.696,10.425,11.09,10.906,10.954,10.382,10.89,11.826,13.078,14.056,13.85,13.606,13.578,13.903,13.898,11.706,14.428,14.63,15.444,13.64,15.314,12.645,9.612,9.963,8.524,6.393,5.258,7.183,11.799,12.846,13.0,12.669,11.836,9.386,3.606,3.536,3.511,3.52,3.47,3.583,3.504,3.459,3.466,7.008,11.268,12.723,13.038,13.043,12.969,12.186,11.206,11.685,12.29,12.227,12.819,12.393,11.391,10.134,8.604,6.704,2.203,1.69,1.671,2.027,2.174,2.458,2.6,2.666,2.799,2.545,2.506,2.615,2.271,2.265,2.113,1.962,1.446,1.663,2.027,1.918,2.445,2.591,2.693,2.494,2.484,1.97,1.553,1.818,2.154,2.24,2.291,2.314,1.743,1.685,1.632,1.633,1.459,1.356,1.113,6.276,4.775
22.0,1.857,1.822,1.776,1.72,1.982,2.519,2.551,2.653,2.877,2.657,2.721,2.919,2.969,2.889,2.751,2.617,2.588,2.408,2.516,2.824,2.829,3.165,3.182,3.05,2.7,2.659,2.66,4.33,5.336,4.108,2.704,4.233,6.015,7.01,9.064,11.354,12.914,14.821,16.669,16.654,13.92,10.898,7.796,5.024,3.438,7.023,10.927,11.865,11.324,12.404,11.946,11.622,11.472,11.882,13.001,14.294,15.045,14.22,13.752,13.469,14.325,14.47,12.44,14.825,15.522,16.281,14.706,16.613,14.524,11.847,12.356,11.455,8.858,8.017,9.222,12.268,12.623,12.597,12.473,12.036,10.281,5.809,3.595,3.55,3.482,3.531,3.626,3.577,3.945,5.242,9.665,11.664,12.628,13.051,13.035,13.041,13.007,12.33,12.271,12.749,13.15,14.107,13.463,12.353,11.362,9.372,8.095,4.28,3.245,2.264,2.122,2.241,2.592,2.7,2.907,2.858,2.647,2.362,2.57,2.354,2.29,2.188,2.131,1.936,2.019,2.199,2.247,2.454,2.64,2.638,2.634,2.529,2.247,1.785,2.116,2.174,2.233,2.289,2.302,2.167,1.824,1.835,1.8,1.605,1.407,1.212,6.917,5.014
24.0,1.839,1.779,1.765,1.889,2.494,2.641,2.651,2.668,2.947,2.738,2.831,3.082,3.097,3.062,2.841,2.596,2.552,2.472,2.489,2.79,2.809,3.234,3.291,3.09,2.942,2.776,3.994,5.441,6.024,5.259,5.043,5.525,7.106,8.634,10.519,12.243,13.633,15.424,17.052,17.129,15.602,12.959,11.677,9.435,8.981,8.457,11.719,13.021,12.985,13.219,12.939,12.222,12.146,12.908,14.083,15.524,15.846,15.107,14.139,13.326,14.719,14.968,13.534,15.23,15.943,16.957,16.078,17.097,15.471,13.565,13.546,13.415,12.065,10.931,11.192,12.284,12.467,12.476,12.314,12.021,10.918,8.74,3.993,3.625,3.488,3.62,3.594,5.107,5.269,7.524,10.511,12.081,12.756,13.1,13.083,13.339,13.38,13.152,12.9,13.391,14.142,15.039,14.584,13.584,12.338,10.78,8.828,7.014,3.668,2.881,2.41,2.457,2.743,2.759,2.996,2.957,2.68,2.269,2.602,2.378,2.277,2.255,2.188,2.342,2.368,2.405,2.43,2.469,2.691,2.651,2.682,2.628,2.587,2.266,2.144,2.19,2.261,2.309,2.306,2.274,1.882,1.913,1.851,1.797,1.609,1.345,7.574,5.285
26.0,1.787,1.75,1.783,2.037,2.636,2.673,2.668,2.721,3.038,2.891,3.106,3.174,3.164,3.053,2.839,2.558,2.488,2.654,2.599,2.763,2.855,3.21,3.388,3.265,3.162,2.93,5.252,5.951,6.229,6.382,7.24,7.895,8.68,10.085,11.61,12.817,14.57,16.586,17.612,17.781,17.321,14.499,13.094,12.044,11.972,11.364,12.237,14.355,14.447,14.166,13.908,13.439,13.159,13.718,15.399,16.25,16.479,15.949,15.005,13.273,15.145,15.286,14.425,15.826,16.938,17.832,17.564,17.697,16.535,14.845,14.455,13.952,13.23,12.563,12.233,12.562,12.505,12.543,12.164,12.103,11.502,9.88,6.668,4.011,3.556,3.591,5.834,6.6,6.664,9.384,11.22,12.181,12.864,13.254,13.394,13.887,13.95,14.015,14.141,14.512,14.988,15.578,15.036,14.356,13.422,11.506,9.659,8.215,5.341,3.763,2.924,2.833,2.898,3.294,3.25,3.13,2.712,2.341,2.669,2.639,2.372,2.266,2.336,2.596,2.612,2.53,2.395,2.593,2.72,2.643,2.67,2.669,2.741,2.447,2.23,2.215,2.268,2.3,2.354,2.318,1.954,1.901,1.821,1.85,1.789,1.531,8.179,5.588
28.0,1.753,1.718,1.831,2.448,2.648,2.718,2.703,2.825,3.126,3.115,3.187,3.255,3.159,3.055,2.901,2.673,2.492,2.725,2.723,2.747,2.879,3.162,3.363,3.488,3.28,4.178,5.724,6.06,6.556,7.199,7.989,8.716,9.896,11.276,12.358,13.48,15.579,17.033,17.958,18.363,17.632,16.079,14.507,13.608,12.988,12.571,13.152,15.311,15.685,14.939,14.757,14.585,14.362,15.255,16.428,17.035,16.989,16.512,15.705,13.788,15.367,15.581,15.365,16.38,17.532,18.51,18.538,18.108,17.283,15.806,15.387,14.94,13.72,13.228,12.955,12.776,12.577,12.586,12.304,12.144,11.966,10.777,8.573,6.503,3.586,3.628,6.674,7.672,8.933,10.312,11.692,12.476,13.071,13.486,14.157,14.745,14.703,14.748,14.9,15.471,15.803,15.996,15.57,15.086,14.104,12.495,10.704,8.979,7.39,4.639,3.876,3.451,3.423,4.645,4.153,3.201,2.826,2.533,2.73,2.644,2.58,2.388,2.523,2.762,2.761,2.712,2.46,2.749,2.699,2.712,2.68,2.653,2.727,2.614,2.358,2.241,2.274,2.379,2.471,2.469,2.351,1.902,1.837,1.842,1.857,1.746,8.701,5.829
30.0,1.732,1.744,1.955,2.672,2.691,2.711,2.706,2.937,3.205,3.579,3.256,3.3,3.181,3.083,2.954,2.797,2.582,2.698,2.769,2.802,2.961,3.167,3.367,3.527,3.386,5.424,5.961,6.288,6.913,7.697,8.754,9.817,10.928,11.852,12.825,14.176,16.506,17.54,17.97,18.541,18.131,17.066,15.514,14.391,13.829,13.609,14.062,16.109,16.192,15.967,15.432,15.271,15.472,16.321,17.097,17.386,17.407,17.153,16.275,14.5,15.664,16.093,15.922,17.302,18.499,18.839,18.792,18.212,17.895,16.433,16.123,15.511,14.28,13.61,13.281,13.119,12.874,12.889,12.537,12.222,12.09,11.573,9.907,7.737,5.433,5.238,8.038,9.612,10.061,11.147,11.977,12.661,13.203,14.188,15.321,16.121,15.735,15.606,15.89,16.191,16.32,16.525,15.961,15.57,14.825,13.253,11.371,9.721,8.566,6.533,4.984,5.036,4.689,5.267,5.02,3.683,2.978,2.626,2.812,2.673,2.655,2.653,2.707,2.738,2.734,2.68,2.578,2.736,2.69,2.779,2.719,2.705,2.672,2.694,2.514,2.339,2.397,2.497,2.661,2.629,2.509,1.963,1.831,1.802,1.852,1.835,9.185,6.015
32.0,1.81,2.088,2.406,2.684,2.704,2.708,2.725,3.026,3.254,4.33,3.357,3.333,3.207,3.121,3.032,2.927,2.709,2.721,2.745,2.835,3.029,3.199,3.402,3.559,4.266,5.756,6.086,6.621,7.538,7.819,9.329,10.349,11.466,12.371,13.227,15.056,16.972,17.651,17.896,18.495,18.54,17.894,16.242,14.869,14.334,14.704,14.951,16.472,16.614,16.573,16.184,16.051,16.183,17.045,17.514,18.044,17.977,17.548,16.761,15.199,16.04,16.823,16.445,17.897,19.02,18.856,18.837,18.235,18.234,17.09,16.837,16.428,15.065,14.162,13.746,13.807,13.554,13.372,12.799,12.539,12.273,11.935,10.726,9.595,6.609,6.508,9.743,10.279,10.845,11.639,12.361,12.948,13.608,15.19,16.213,17.085,17.045,16.66,16.612,16.715,16.891,17.212,16.636,16.095,15.388,13.84,12.123,10.673,9.394,7.945,6.715,6.31,5.678,5.702,5.253,4.501,3.075,2.75,2.912,2.716,2.691,2.735,2.737,2.719,2.708,2.74,2.684,2.711,2.71,2.847,2.775,2.716,2.657,2.655,2.654,2.618,2.603,2.653,2.688,2.701,2.672,2.361,1.848,1.794,1.819,1.858,9.617,6.186
34.0,2.164,2.225,2.578,2.653,2.707,2.76,2.819,3.091,3.664,4.979,4.166,3.374,3.242,3.177,3.084,2.972,2.815,2.747,2.82,2.941,3.083,3.268,3.426,3.597,5.338,5.921,6.54,7.489,8.285,8.886,9.937,10.794,11.876,12.721,13.962,16.13,17.397,17.576,17.848,18.477,18.385,18.321,17.24,15.6,15.229,15.472,15.728,16.732,17.004,17.172,16.974,16.656,16.886,17.598,17.957,18.36,18.609,18.186,17.235,15.637,16.549,17.548,17.423,18.563,19.227,18.816,18.802,18.127,18.406,17.529,17.285,17.196,15.906,14.919,14.394,14.676,14.77,14.356,13.148,12.74,12.544,12.137,11.519,10.387,7.917,7.399,10.368,11.377,11.635,11.921,12.607,13.157,14.488,16.186,16.861,17.74,18.038,17.58,17.421,17.383,17.362,17.587,17.368,16.699,16.194,14.526,12.807,11.305,9.929,8.876,7.856,7.239,6.251,5.845,5.508,4.831,3.168,2.814,3.0,2.73,2.707,2.727,2.75,2.756,2.752,2.765,2.762,2.703,2.75,2.932,2.84,2.723,2.702,2.656,2.726,2.699,2.666,2.664,2.707,2.738,2.723,2.513,1.921,1.815,1.787,1.849,10.019,6.364
36.0,2.197,2.347,2.675,2.684,2.721,2.89,2.96,3.14,4.315,5.286,4.939,3.434,3.318,3.233,3.134,3.017,2.869,2.835,2.86,2.963,3.166,3.378,3.494,4.401,5.651,6.419,6.848,8.074,9.616,9.449,10.491,11.275,12.23,13.171,14.672,16.694,17.369,17.522,17.805,18.431,18.277,18.35,18.013,16.5,15.945,16.087,16.135,17.127,17.319,17.504,17.473,17.29,17.555,17.945,18.369,19.013,19.259,18.863,17.893,16.239,17.188,18.049,17.879,18.898,19.187,18.774,18.679,18.155,18.398,17.813,17.752,17.702,16.725,15.808,15.162,16.01,16.003,15.416,13.749,13.043,12.693,12.221,11.91,11.307,9.694,9.451,11.418,11.813,11.819,12.356,12.999,13.803,15.774,16.934,17.643,18.314,18.485,18.198,17.88,17.844,17.757,17.804,17.554,17.281,16.475,15.379,13.462,12.02,10.768,9.343,8.288,7.814,6.803,6.189,5.686,5.182,3.356,2.925,3.067,2.794,2.718,2.709,2.73,2.736,2.745,2.733,2.759,2.744,2.814,2.999,2.928,2.718,2.703,2.723,2.728,2.727,2.703,2.712,2.745,2.749,2.735,2.647,2.304,1.817,1.76,1.809,10.385,6.511
38.0,2.238,2.469,2.661,2.694,2.729,3.011,3.074,3.198,4.755,5.775,5.295,3.726,3.372,3.305,3.19,3.057,2.934,2.889,2.928,3.044,3.234,3.435,3.769,5.302,5.891,6.73,7.446,8.888,10.25,10.56,11.23,11.952,12.784,13.91,15.733,17.127,17.317,17.489,17.734,18.416,18.239,18.135,18.251,17.416,16.906,16.565,16.436,17.289,17.41,17.581,17.815,17.865,18.023,18.329,18.952,19.115,19.261,19.135,18.273,16.88,17.634,18.4,18.498,19.192,19.06,18.672,18.548,18.038,18.299,17.896,17.927,18.112,17.567,16.881,16.488,17.305,16.844,16.261,14.713,13.363,12.997,12.429,12.035,11.801,10.272,9.874,11.979,12.033,12.079,12.776,13.545,14.693,16.845,17.736,18.303,18.815,18.611,18.415,18.074,18.009,17.977,17.755,17.487,17.288,17.031,15.965,14.139,12.579,11.35,10.048,9.055,8.158,7.188,6.665,5.796,5.431,3.788,3.033,3.118,2.92,2.743,2.709,2.711,2.715,2.734,2.73,2.737,2.78,2.872,3.054,2.974,2.75,2.705,2.722,2.722,2.72,2.729,2.738,2.871,2.793,2.739,2.723,2.482,2.028,1.783,1.768,10.687,6.62
40.0,15.267,15.267,15.267,15.267,15.267,15.267,15.267,15.267,15.267,15.267,15.267,15.267,15.267,15.267,15.267,15.267,15.267,15.267,15.267,15.267,15.267,15.267,15.267,15.267,15.267,15.267,15.267,15.267,15.267,15.267,15.267,15.267,15.267,15.267,15.267,15.267,15.267,15.267,15.267,15.267,15.267,15.267,15.267,15.267,15.267,15.267,15.267,15.267,15.267,15.267,15.267,15.267,15.267,15.267,15.267,15.267,15.267,15.267,15.267,15.267,15.267,15.267,15.267,15.267,15.267,15.267,15.267,15.267,15.267,15.267,15.267,15.267,15.267,15.267,15.267,15.267,15.267,15.267,15.267,15.267,15.267,15.267,15.267,15.267,15.267,15.267,15.267,15.267,15.267,15.267,15.267,15.267,15.267,15.267,15.267,15.267,15.267,15.267,15.267,15.267,15.267,15.267,15.267,15.267,15.267,15.267,15.267,15.267,15.267,15.267,15.267,15.267,15.267,15.267,15.267,15.267,15.267,15.267,15.267,15.267,15.267,15.267,15.267,15.267,15.267,15.267,15.267,15.267,15.267,15.267,15.267,15.267,15.267,15.267,15.267,15.267,15.267,15.267,15.267,15.267,15.267,15.267,15.267,15.267,15.267,15.267,15.267,0.0
mean,1.828,1.831,1.825,1.784,1.942,2.199,2.462,2.869,3.17,3.034,2.662,2.444,2.631,2.729,2.907,3.158,3.118,2.67,2.667,2.768,2.92,2.808,2.691,2.638,2.839,3.08,3.45,3.582,3.625,3.434,3.559,4.022,4.899,5.66,6.321,7.179,9.027,10.663,11.987,12.441,9.405,7.155,6.041,5.236,5.023,5.209,9.491,9.821,8.569,7.263,6.963,7.048,6.867,7.429,8.793,10.33,11.051,12.408,13.173,12.854,10.486,10.345,9.086,10.627,11.494,12.652,11.186,12.392,10.211,8.566,8.703,8.031,6.566,5.74,6.051,8.365,11.993,12.939,10.272,7.651,5.764,5.201,4.84,4.708,4.287,4.142,5.054,5.202,4.866,4.866,5.307,7.029,10.009,12.817,12.963,10.525,7.985,7.573,8.196,8.995,9.82,10.87,10.163,9.468,9.266,7.168,5.047,3.974,3.46,3.003,2.799,2.807,2.894,3.108,3.413,3.424,3.229,3.281,2.866,2.539,2.335,1.971,1.812,1.793,1.931,2.034,1.947,2.234,2.477,2.67,2.631,2.345,1.976,1.815,1.794,1.881,2.061,2.123,2.091,1.948,1.836,1.832,1.801,1.733,1.628,1.513
std dev,2.61,2.627,2.644,2.692,2.675,2.625,2.532,2.448,2.47,2.679,2.714,2.648,2.555,2.556,2.49,2.434,2.389,2.472,2.493,2.439,2.447,2.566,2.65,2.735,2.761,2.913,3.022,3.339,3.772,3.931,4.277,4.467,4.606,4.865,5.408,6.114,6.046,5.71,5.82,5.52,6.681,6.882,6.662,6.298,6.137,6.041,4.692,5.135,6.001,6.641,6.768,6.616,6.601,6.647,6.309,5.814,5.935,5.061,4.028,4.843,5.52,5.849,6.017,6.116,6.067,5.282,5.902,5.259,5.803,5.812,5.572,5.802,5.971,5.968,5.807,5.542,3.577,3.58,5.07,5.332,5.147,4.545,4.036,3.562,3.016,3.009,3.428,3.698,4.112,4.643,5.252,5.63,5.521,4.491,3.851,5.802,6.728,6.679,6.433,6.083,5.478,4.886,5.568,5.519,4.964,5.347,5.2,4.72,4.212,3.768,3.454,3.279,3.02,2.914,2.629,2.503,2.384,2.433,2.434,2.564,2.6,2.683,2.705,2.711,2.662,2.637,2.664,2.598,2.506,2.49,2.504,2.566,2.661,2.696,2.698,2.694,2.664,2.643,2.634,2.65,2.659,2.629,2.613,2.606,2.628,2.653
