,"""A1""","""A2""","""A3""","""A4""","""A5""","""A6""","""A7""","""A8""","""A9""","""A10""","""A11""","""A12""","""A13""","""A14""","""A15""","""A16""","""A17""","""A18""","""A19""","""A20""","""A21""","""A22""","""A23""","""A24""","""A25""","""A26""","""A27""","""A28""","""A29""","""A30""","""A31""","""A32""","""A33""","""A34""","""A35""","""A36""","""A37""","""A38""","""A39""","""A40""","""A41""","""A42""","""A43""","""A44""","""A45""","""A46""","""A47""","""A48""","""A49""","""A50""","""A51""","""A52""","""A53""","""A54""","""A55""","""A56""","""A57""","""A58""","""A59""","""A60""","""A61""","""A62""","""A63""","""A64""","""A65""","""A66""","""A67""","""A68""","""A69"""
radius,G,G,G,G,G,C,C,A,C,A,G,C,A,G,A,A,G,C,G,U,U,C,A,C,G,U,C,G,C,A,G,C,C,C,C,U,G,U,C,A,G,C,C,A,U,U,G,C,A,C,U,C,C,G,G,C,U,G,C,G,A,A,U,U,C,U,G,C,U,mean,std dev
2.0,0.045,0.04,0.028,0.047,0.036,0.059,0.047,0.029,0.043,0.033,0.017,0.044,0.03,0.044,0.032,0.029,0.019,0.043,0.037,0.03,0.014,0.029,0.034,0.037,0.041,0.038,0.03,0.033,0.029,0.046,0.012,0.057,0.03,0.035,0.048,0.033,0.02,0.044,0.045,0.027,0.033,0.051,0.021,0.052,0.032,0.032,0.012,0.047,0.032,0.043,0.025,0.048,0.044,0.05,0.049,0.039,0.03,0.053,0.034,0.023,0.025,0.031,0.048,0.039,0.028,0.033,0.028,0.04,0.036,0.036,0.011
3.0,0.267,0.332,0.253,0.409,0.348,0.306,0.958,0.097,0.168,0.229,0.066,0.047,0.055,0.201,0.062,0.27,0.089,0.247,0.113,0.656,0.197,0.317,0.096,0.639,1.071,0.747,0.169,0.291,0.17,0.716,0.428,0.347,0.087,0.109,0.083,0.136,0.955,0.407,0.885,0.091,0.066,0.341,0.168,0.18,0.116,0.138,0.419,0.324,0.093,0.078,0.419,0.447,0.995,0.145,0.146,0.205,0.656,0.804,0.318,0.716,0.693,0.236,1.023,0.135,0.117,0.228,0.069,0.088,0.155,0.328,0.278
4.0,0.49,0.573,0.707,1.346,1.161,0.373,2.011,5.589,2.89,0.313,0.076,0.08,0.109,0.364,0.608,0.868,1.21,1.703,1.539,0.802,2.179,0.748,0.668,1.825,1.356,4.044,0.211,0.416,1.589,1.046,1.555,0.653,0.161,0.116,0.219,0.189,15.393,1.575,0.982,0.143,0.15,0.425,0.479,0.974,0.591,1.309,0.835,0.334,0.142,0.148,0.545,1.226,0.949,0.478,0.265,0.251,1.121,1.181,0.357,0.867,1.214,1.762,0.949,0.691,0.47,0.465,0.074,0.129,0.204,1.108,1.955
5.0,21.483,0.95,11.272,1.531,1.916,3.66,2.847,7.686,3.506,0.615,0.328,0.238,0.351,0.575,1.557,1.903,2.145,1.782,2.036,2.473,5.365,1.984,3.164,2.975,2.667,4.846,3.74,1.664,2.117,1.575,1.964,1.493,9.329,9.452,11.874,18.573,22.591,2.453,2.464,2.999,1.858,1.6,1.211,1.573,1.458,1.931,1.189,1.314,1.088,0.856,3.458,2.025,1.357,0.957,0.485,1.504,2.244,2.653,2.418,4.428,1.473,2.516,1.649,1.707,0.864,0.529,0.596,0.732,0.487,3.309,4.439
6.0,20.864,9.003,13.825,12.274,10.501,8.27,3.426,8.701,3.556,0.844,0.554,0.282,0.396,0.723,1.667,2.277,2.285,2.254,2.139,3.112,5.807,2.936,4.9,3.76,3.47,5.038,3.756,1.923,2.305,2.52,2.954,1.883,14.592,14.617,16.638,23.68,22.319,2.61,3.006,3.208,2.344,1.663,1.7,1.675,1.781,2.091,1.578,1.607,1.746,1.323,3.71,2.305,1.83,1.191,0.668,1.659,2.458,3.079,3.622,12.663,2.12,2.574,1.896,1.916,0.884,0.644,0.563,0.782,0.773,4.518,5.356
7.0,24.565,20.049,14.233,14.426,12.476,11.727,3.718,9.718,6.056,1.427,0.807,0.31,0.428,0.773,1.765,2.429,2.494,2.306,2.272,4.552,5.662,3.617,5.408,4.396,4.534,4.773,3.808,2.112,2.429,3.764,4.721,10.386,16.137,17.257,19.253,24.478,23.356,13.853,3.682,3.622,2.655,1.789,1.865,1.786,2.061,2.092,1.788,1.624,1.928,1.471,3.609,2.72,2.147,1.534,0.699,1.949,2.538,3.376,4.56,16.497,2.508,2.58,3.077,2.019,0.916,0.77,0.621,0.879,0.866,5.604,6.307
8.0,26.831,24.026,21.49,19.098,17.203,14.677,3.98,10.761,7.846,1.939,0.859,0.524,0.485,0.881,2.004,2.507,2.494,2.534,3.283,4.4,5.564,4.973,5.594,4.752,4.631,4.704,4.104,2.141,2.766,4.198,7.696,12.436,18.937,21.659,24.125,27.503,26.972,23.014,4.237,4.002,3.0,1.978,1.946,1.801,2.827,2.262,2.209,1.766,1.996,1.821,3.907,2.84,2.549,1.74,0.851,1.981,2.71,4.462,5.836,19.891,7.912,2.537,3.528,2.266,1.552,0.86,0.634,0.885,0.876,6.83,7.778
9.0,27.123,26.385,23.61,21.923,19.138,15.249,5.065,11.236,8.041,2.284,0.851,0.675,0.527,1.081,2.031,2.387,2.518,2.536,3.588,4.532,5.54,5.279,5.6,5.465,4.89,4.717,3.933,3.316,3.099,4.679,9.906,14.204,19.8,23.237,25.474,27.061,27.301,22.815,5.011,4.211,3.168,2.332,2.022,1.965,3.18,2.732,2.87,2.435,2.558,2.423,4.118,4.231,3.802,2.126,1.938,2.247,2.742,5.202,6.452,21.247,11.574,2.803,3.444,2.336,1.96,0.993,0.752,0.847,0.838,7.415,8.098
10.0,26.907,26.647,23.875,21.625,19.193,15.406,6.503,12.068,8.547,3.477,0.84,0.691,0.638,1.326,2.117,2.319,2.496,2.876,3.991,7.152,5.483,5.718,5.489,5.867,5.11,4.462,3.882,8.169,4.803,4.924,11.67,14.987,20.298,23.394,25.229,26.156,27.097,21.585,6.04,4.226,3.456,2.677,2.008,2.034,3.666,2.709,3.057,2.728,2.886,2.832,4.517,4.842,4.534,2.396,2.039,2.493,2.998,5.608,6.5,21.63,12.607,4.443,3.473,2.321,2.028,1.388,0.795,0.829,0.849,7.792,7.959
11.0,25.821,27.162,24.219,22.828,20.376,16.472,7.901,13.025,10.083,3.747,1.466,0.74,0.805,1.45,2.138,2.247,2.469,3.424,5.215,8.717,5.446,5.625,5.5,5.587,5.152,4.268,3.758,10.131,5.625,5.976,12.155,15.64,19.906,23.275,25.262,26.213,27.072,23.017,14.243,4.349,3.925,2.725,2.376,2.118,3.788,2.846,3.493,2.831,3.673,3.291,4.609,4.996,4.729,2.495,2.21,2.574,3.611,5.714,10.725,21.962,13.411,5.481,3.443,2.686,2.101,1.69,0.881,0.825,0.842,8.327,8.038
12.0,25.034,26.8,25.629,22.973,20.329,16.732,9.896,13.447,10.602,4.269,1.767,0.775,0.926,1.543,2.125,2.247,2.511,3.751,7.979,11.028,5.245,5.498,5.501,5.486,5.315,4.584,5.31,10.85,7.453,7.05,12.496,16.037,20.056,23.102,25.294,26.28,26.598,23.548,16.927,5.244,4.041,2.836,2.571,2.468,3.942,3.017,3.574,3.323,3.783,3.894,4.774,4.954,4.712,3.047,2.416,2.763,4.276,5.861,11.798,22.237,15.02,7.574,3.421,2.824,2.1,1.759,0.951,0.824,0.832,8.751,8.031
13.0,24.063,26.275,25.785,23.418,20.503,17.363,11.2,14.012,11.04,4.841,2.588,0.913,1.659,2.063,2.155,2.351,2.613,4.2,8.686,11.221,5.072,5.284,5.516,5.438,5.413,4.901,6.797,11.048,8.207,8.209,12.887,16.378,20.158,23.083,25.201,25.576,26.546,23.439,16.796,5.584,4.053,2.918,2.571,2.985,4.117,3.33,3.642,3.447,4.17,4.106,4.736,4.834,4.807,3.349,2.876,2.994,4.735,7.248,14.821,21.704,16.111,8.908,3.423,2.857,2.126,1.75,1.039,0.806,0.815,9.04,7.934
14.0,23.237,25.709,25.595,23.485,20.329,17.624,12.153,14.539,11.994,5.195,2.963,1.446,2.179,2.346,2.4,2.569,3.158,4.487,10.28,11.377,5.003,5.381,5.404,5.46,5.524,5.103,8.658,11.89,9.681,9.353,13.535,16.942,20.292,23.393,25.145,24.976,25.927,22.845,16.883,5.42,4.141,3.077,2.623,3.541,4.167,3.569,3.781,3.517,4.171,4.201,4.627,4.769,4.844,3.751,3.179,3.387,5.163,8.939,16.823,20.878,16.763,10.164,3.443,2.963,2.2,1.849,1.103,0.811,0.821,9.321,7.81
15.0,22.492,24.887,25.343,23.535,20.495,17.927,13.437,15.367,12.995,5.608,3.53,1.989,2.388,2.582,2.599,2.7,3.587,4.679,10.811,12.135,7.622,5.489,5.393,5.449,5.533,5.217,10.302,12.4,10.559,10.359,14.442,17.568,20.017,23.068,24.826,24.62,25.047,22.522,18.485,9.778,5.03,3.376,2.933,3.798,4.203,3.911,3.904,3.673,4.193,4.381,4.64,7.363,4.926,4.11,3.509,4.1,5.365,10.245,17.451,20.251,17.697,11.612,3.482,2.998,2.405,1.955,1.513,0.867,0.865,9.747,7.642
16.0,21.828,24.194,24.867,23.758,20.609,18.483,13.736,16.322,13.458,6.591,4.153,2.462,2.546,2.68,2.793,3.14,3.903,5.163,11.441,12.946,9.493,5.43,5.327,5.4,5.473,5.258,10.839,13.326,12.205,10.79,14.883,17.716,20.567,22.812,24.291,23.971,24.505,22.317,18.392,12.317,5.139,3.689,3.198,3.837,4.413,4.157,4.022,3.906,4.301,4.391,4.625,8.66,6.613,4.48,3.711,4.769,6.437,12.272,17.529,20.241,17.64,12.544,4.208,3.082,2.54,2.01,1.569,0.981,0.86,10.09,7.494
17.0,21.349,23.368,24.185,23.404,21.114,18.934,14.309,16.704,13.994,7.362,4.828,3.028,2.656,2.814,2.878,3.357,4.241,6.495,11.922,14.425,10.725,5.361,5.276,5.368,5.308,5.702,11.279,13.713,13.306,11.935,15.772,18.29,20.805,22.714,23.645,23.464,23.761,21.644,18.686,12.629,5.176,3.868,3.465,3.859,4.574,4.187,4.319,3.951,4.387,4.427,4.634,11.225,8.319,4.792,4.014,5.07,7.162,13.995,17.447,20.066,18.052,13.321,4.828,3.142,2.579,2.062,1.659,1.085,0.875,10.396,7.363
18.0,20.867,22.823,23.315,22.819,21.331,19.536,14.673,17.08,14.682,7.892,5.438,3.26,2.802,3.043,3.092,3.742,4.509,7.674,13.241,15.06,11.739,5.367,5.316,5.278,5.171,7.605,11.56,14.443,14.162,12.924,16.532,18.862,21.029,22.468,23.481,22.816,22.934,20.991,18.559,14.646,6.25,4.195,3.789,4.194,4.688,4.352,4.407,4.098,4.354,4.53,4.579,14.457,9.921,5.013,4.713,5.203,8.844,15.448,17.9,19.923,18.25,14.53,6.485,3.265,2.633,2.19,1.827,1.196,0.933,10.796,7.232
19.0,20.631,22.368,22.842,22.236,21.505,19.889,15.866,17.462,15.158,8.636,6.296,3.542,2.92,3.183,3.451,3.993,4.527,8.771,14.064,15.931,12.745,5.247,5.239,5.202,5.055,8.981,12.318,15.094,14.737,14.198,17.262,19.354,21.137,22.045,22.915,22.505,22.12,20.652,18.732,15.871,9.395,4.996,4.31,4.341,4.831,4.622,4.598,4.127,4.371,4.5,4.508,17.743,12.302,5.314,5.192,6.213,11.424,16.558,18.315,19.959,18.485,15.041,7.617,3.376,2.822,2.471,1.972,1.52,1.299,11.259,7.139
20.0,20.335,21.758,22.447,21.655,21.651,20.442,16.357,17.713,15.564,9.662,7.55,4.12,3.258,3.434,3.729,4.252,4.713,9.821,14.923,16.198,13.674,5.122,5.188,5.114,4.981,9.801,13.088,15.442,15.539,15.292,17.843,19.901,20.99,21.558,22.471,22.177,21.63,20.525,18.955,16.293,11.026,5.316,4.555,4.564,4.938,4.801,4.744,4.206,4.368,4.445,4.485,19.219,14.492,5.612,6.274,7.653,13.339,17.59,18.605,19.829,18.346,15.549,9.024,3.826,3.072,2.716,2.293,1.786,1.91,11.649,7.032
22.0,20.195,20.861,21.421,21.113,21.105,20.72,17.105,18.431,16.368,10.77,9.79,5.333,3.77,3.669,4.113,4.551,6.238,11.47,16.036,16.924,15.468,10.261,7.295,5.987,8.262,10.991,14.575,16.211,16.098,16.535,18.145,19.791,20.649,21.025,21.592,21.19,21.016,20.205,19.135,17.688,14.131,6.415,5.564,4.997,5.029,4.857,4.961,4.318,4.389,4.363,10.325,20.232,17.923,9.769,9.985,13.462,16.454,18.803,19.06,19.696,18.258,16.188,12.023,5.983,3.555,3.175,2.882,2.867,3.065,12.679,6.544
24.0,19.705,20.075,20.468,20.813,20.428,20.252,17.9,18.538,17.171,12.014,12.065,9.455,4.379,4.064,4.407,5.122,7.962,13.921,16.732,17.254,16.239,13.466,10.1,9.149,9.444,12.591,15.774,16.586,16.453,16.651,17.7,19.204,20.261,20.753,20.81,20.418,20.358,19.796,19.108,17.987,15.909,11.131,6.471,5.605,5.213,4.948,5.11,4.447,4.55,4.411,16.66,20.529,18.879,13.21,14.029,16.178,18.726,19.516,19.326,19.594,18.067,16.803,14.556,8.055,4.375,3.57,3.239,3.392,4.195,13.569,6.093
26.0,19.218,19.563,19.673,20.129,19.932,19.619,17.895,18.031,17.16,13.598,13.612,12.552,7.522,5.58,5.473,6.979,9.94,15.263,16.805,17.367,16.706,14.927,12.054,9.864,11.192,14.428,16.414,16.713,16.606,16.715,17.424,18.544,19.633,20.074,20.138,19.885,19.788,19.553,19.087,18.673,17.45,13.62,10.536,7.585,5.5,5.154,5.175,4.631,4.913,4.526,19.472,20.237,19.961,16.881,16.79,18.871,19.984,19.881,19.435,19.233,17.725,16.968,15.8,11.13,6.271,4.418,3.994,4.193,5.356,14.348,5.561
28.0,18.672,19.015,19.119,19.35,19.384,18.94,18.285,17.517,16.921,14.849,14.919,14.267,11.164,8.517,7.6,8.838,12.933,16.167,17.078,17.358,17.169,16.024,14.208,12.443,13.159,15.531,16.59,16.762,16.73,16.643,17.243,18.015,19.068,19.569,19.583,19.373,19.446,19.203,19.043,19.092,18.398,16.114,13.362,10.819,8.547,5.141,5.209,4.924,6.164,8.585,20.252,19.979,19.89,18.794,18.846,19.873,20.243,19.701,19.267,18.764,17.576,16.99,16.27,13.84,8.321,5.789,5.051,5.365,7.094,15.144,4.773
30.0,18.105,18.463,18.581,18.655,18.602,18.158,18.146,17.332,16.934,15.824,15.768,15.23,14.055,11.494,10.023,11.498,14.863,16.763,17.05,17.44,17.441,16.246,15.145,14.105,14.8,16.273,16.718,16.79,16.828,16.83,17.121,17.674,18.483,18.935,19.085,18.988,19.084,19.004,18.926,18.944,18.992,17.697,16.566,13.877,11.693,5.199,7.511,5.154,10.299,14.218,20.449,20.2,20.343,19.536,19.913,20.183,19.906,19.47,18.965,18.392,17.551,16.999,16.578,15.607,10.853,8.292,6.663,7.259,9.364,15.915,3.863
32.0,17.781,17.97,18.189,18.15,18.024,17.688,17.778,17.203,16.89,16.458,16.174,15.764,14.939,13.867,13.013,14.055,15.959,16.855,17.097,17.481,17.504,16.768,15.924,15.12,15.629,16.539,16.846,17.057,16.939,16.879,17.036,17.329,18.0,18.514,18.701,18.677,18.737,18.747,18.815,19.009,19.187,18.546,18.241,16.953,14.488,5.315,10.402,6.134,14.913,17.336,20.151,20.068,20.087,20.1,20.09,19.993,19.554,19.146,18.565,17.957,17.448,17.056,16.752,16.103,13.716,10.56,9.611,10.252,11.565,16.527,3.034
34.0,17.559,17.626,17.788,17.678,17.631,17.471,17.461,17.179,16.953,16.442,16.296,15.994,15.496,15.176,14.856,15.513,16.617,16.917,17.257,17.442,17.53,17.284,16.363,16.024,16.228,16.745,17.143,17.337,17.13,17.009,17.101,17.218,17.613,18.039,18.266,18.272,18.399,18.462,18.616,18.916,19.243,19.083,19.01,18.819,17.702,9.745,14.502,8.535,17.368,18.61,20.213,19.978,19.98,20.023,20.07,19.578,19.191,18.903,18.286,17.622,17.364,17.216,16.893,16.461,15.475,13.554,12.306,12.696,13.234,17.054,2.148
36.0,17.386,17.431,17.485,17.483,17.285,17.331,17.315,17.143,16.971,16.492,16.403,16.175,15.886,15.632,15.737,16.201,16.789,17.009,17.303,17.389,17.561,17.467,16.876,16.492,16.619,17.006,17.428,17.431,17.321,17.092,17.284,17.218,17.305,17.672,17.914,17.891,17.974,18.026,18.334,18.698,19.136,19.561,19.542,19.18,18.877,12.619,17.312,13.737,18.761,19.498,20.255,19.654,19.733,20.007,19.848,19.383,18.945,18.564,17.83,17.471,17.307,17.306,16.962,16.713,15.998,15.202,14.536,14.558,14.804,17.388,1.473
38.0,17.246,17.261,17.299,17.32,17.269,17.249,17.27,17.298,17.052,16.598,16.423,16.329,16.223,16.087,16.17,16.584,16.883,17.149,17.306,17.336,17.429,17.455,17.007,16.794,16.922,17.293,17.501,17.411,17.331,17.277,17.3,17.258,17.249,17.482,17.582,17.581,17.669,17.719,17.964,18.489,18.927,19.458,19.754,19.782,19.265,15.116,18.228,16.127,19.395,19.898,20.098,19.368,19.509,19.842,19.51,19.102,18.893,18.235,17.528,17.351,17.263,17.276,17.043,16.849,16.339,15.787,15.304,15.191,15.409,17.52,1.195
40.0,17.151,17.151,17.151,17.151,17.151,17.151,17.151,17.151,17.151,17.151,17.151,17.151,17.151,17.151,17.151,17.151,17.151,17.151,17.151,17.151,17.151,17.151,17.151,17.151,17.151,17.151,17.151,17.151,17.151,17.151,17.151,17.151,17.151,17.151,17.151,17.151,17.151,17.151,17.151,17.151,17.151,17.151,17.151,17.151,17.151,17.151,17.151,17.151,17.151,17.151,17.151,17.151,17.151,17.151,17.151,17.151,17.151,17.151,17.151,17.151,17.151,17.151,17.151,17.151,17.151,17.151,17.151,17.151,17.151,17.151,0.0
mean,19.216,18.578,18.645,17.608,16.449,15.093,11.531,13.703,11.717,7.764,6.675,5.635,5.026,4.908,5.095,5.589,6.459,8.049,10.254,11.375,10.096,8.154,7.818,7.47,7.59,8.598,9.782,10.96,10.323,10.287,12.49,14.225,16.888,18.159,19.183,19.994,20.751,17.163,13.42,10.666,8.739,7.194,6.552,6.294,6.305,4.805,5.517,4.635,5.936,6.267,8.812,10.907,9.908,7.858,7.637,8.304,9.548,11.368,12.997,16.836,13.297,10.488,7.879,6.288,5.016,4.271,3.782,3.753,4.013
std dev,7.09,8.23,7.263,7.269,6.702,6.162,6.211,5.076,5.499,5.922,6.349,6.383,5.9,5.444,5.133,5.257,5.711,6.142,6.295,6.139,5.857,5.835,5.23,4.942,5.131,5.414,6.027,6.326,6.316,6.095,5.988,6.416,6.182,6.877,7.28,7.413,6.47,7.512,7.185,7.056,7.043,6.837,6.65,6.225,5.626,3.95,4.979,4.168,5.677,6.197,7.354,7.806,7.536,7.418,7.62,7.583,7.37,7.013,6.893,6.455,6.537,6.365,6.213,5.946,5.406,5.029,4.913,5.018,5.257
