,"""E1""","""E2""","""E3""","""E4""","""E5""","""E6""","""E7""","""E8""","""E9""","""E10""","""E11""","""E12""","""E13""","""E14""","""E15""","""E16""","""E17""","""E18""","""E19""","""E20""","""E21""","""E22""","""E23""","""E24""","""E25""","""E26""","""E27""","""E28""","""E29""","""E30""","""E31""","""E32""","""E33""","""E34""","""E35""","""E36""","""E37""","""E38""","""E39""","""E40""","""E41""","""E42""","""E43""","""E44""","""E45""","""E46""","""E47""","""E48""","""E49""","""E50""","""E51""","""E52""","""E53""","""E54""","""E55""","""E56""","""E57""","""E58""","""E59""","""E60""","""E61""","""E62""","""E63""","""E64""","""E65""","""E66""","""E67""","""E68""","""E69""","""E70""","""E71""","""E72""","""E73""","""E74""","""E75""","""E76""","""E77""","""E78""","""E79""","""E80""","""E81""","""E82""","""E83""","""E84""","""E85""","""E86""","""E87""","""E88""","""E89""","""E90""","""E91""","""E92""","""E93""","""E94""","""E95""","""E96""","""E97""","""E98""","""E99""","""E100""","""E101""","""E102""","""E103""","""E104""","""E105""","""E106""","""E107""","""E108""","""E109""","""E110""","""E111""","""E112""","""E113""","""E114""","""E115""","""E116""","""E117""","""E118""","""E119""","""E120""","""E121""","""E122""","""E123""","""E124""","""E125""","""E126""","""E127""","""E128""","""E129""","""E130""","""E131""","""E132""","""E133""","""E134""","""E135""","""E136""","""E137""","""E138""","""E139""","""E140""","""E141""","""E142""","""E143""","""E144""","""E145""","""E146""","""E147""","""E148""","""E149""","""E150""","""E151""","""E152""","""E153""","""E154""","""E155""","""E156""","""E157""","""E158""","""E159""","""E160""","""E161""","""E162""","""E163""","""E164""","""E165""","""E166""","""E167""","""E168""","""E169""","""E170""","""E171""","""E172""","""E173""","""E174""","""E175""","""E176""","""E177""","""E178""","""E179""","""E180""","""E181""","""E182""","""E183""","""E184""","""E185""","""E186""","""E187""","""E188""","""E189""","""E190""","""E191""","""E192""","""E193""","""E194""","""E195""","""E196""","""E197""","""E198""","""E199""","""E200""","""E201""","""E202""","""E203""","""E204""","""E205""","""E206""","""E207""","""E208""","""E209""","""E210""","""E211""","""E212""","""E213""","""E214""","""E215""","""E216""","""E217""","""E218""","""E219""","""E220""","""E221""","""E222""","""E223""","""E224""","""E225""","""E226""","""E227""","""E228""","""E229""","""E230""","""E231""","""E232""","""E233""","""E234""","""E235""","""E236""","""E237""","""E238""","""E239""","""E240""","""E241""","""E242""","""E243""","""E244""","""E245""","""E246""","""E247""","""E248""","""E249""","""E250""","""E251""","""E252""","""E253""","""E254""","""E255""","""E256""","""E257""","""E258""","""E259""","""E260""","""E261""","""E262""","""E263""","""E264""","""E265""","""E266""","""E267""","""E268""","""E269""","""E270""","""E271""","""E272""","""E273""","""E274""","""E275""","""E276""","""E277""","""E278""","""E279""","""E280""","""E281""","""E282""","""E283""","""E284""","""E285""","""E286""","""E287""","""E288""","""E289""","""E290""","""E291""","""E292""","""E293""","""E294""","""E295""","""E296""","""E297""","""E298""","""E299""","""E300""","""E301""","""E302""","""E303""","""E304""","""E305""","""E306""","""E307""","""E308""","""E309""","""E310""","""E311""","""E312""","""E313""","""E314""","""E315""","""E316""","""E317""","""E318""","""E319""","""E320""","""E321""","""E322""","""E323""","""E324""","""E325""","""E326""","""E327""","""E328""","""E329""","""E330""","""E331""","""E332""","""E333""","""E334""","""E335""","""E336""","""E337""","""E338""","""E339""","""E340""","""E341""","""E342""","""E343""","""E344""","""E345""","""E346""","""E347""","""E348""","""E349""","""E350""","""E351""","""E352""","""E353""","""E354""","""E355""","""E356""","""E357""","""E358""","""E359""","""E360""","""E361""","""E362""","""E363""","""E364""","""E365""","""E366""","""E367""","""E368""","""E369""","""E370""","""E371""","""E372""","""E373""","""E374"""
radius,G,G,A,U,A,C,G,U,C,U,A,C,G,C,U,C,A,G,U,G,A,C,G,G,A,C,U,C,U,C,U,U,C,G,G,A,G,A,G,U,C,U,G,A,C,A,U,C,C,G,A,A,C,C,A,U,A,C,A,C,G,G,A,U,G,U,G,C,C,U,C,G,C,C,G,A,A,C,A,G,U,C,U,A,C,G,G,C,G,A,G,C,U,U,A,A,G,C,G,C,U,G,G,G,G,A,C,G,C,C,C,A,A,C,G,C,A,U,C,A,C,A,A,A,G,A,C,U,G,A,G,U,G,A,U,G,A,A,C,C,A,G,A,A,G,U,A,U,G,G,A,C,U,G,G,U,U,G,C,G,U,U,G,G,U,G,G,A,G,A,C,G,G,U,C,G,G,G,U,C,C,A,G,U,U,C,G,C,U,G,U,C,G,A,G,U,A,G,A,G,U,G,U,G,G,G,C,U,C,C,A,U,C,G,A,C,G,C,C,G,C,U,U,U,A,A,G,G,U,C,C,C,C,A,A,U,C,G,U,G,G,C,G,U,G,U,C,G,G,C,C,U,G,C,U,U,C,G,G,C,A,G,G,C,A,C,U,G,G,C,G,C,C,G,G,G,A,C,C,U,U,G,A,A,G,A,G,A,U,G,A,G,A,U,U,U,C,G,A,U,C,U,C,A,U,C,U,U,U,G,G,G,U,G,U,C,U,C,U,G,G,U,G,C,U,U,G,A,G,G,G,C,C,C,U,G,U,G,U,U,C,G,C,A,C,A,G,G,G,C,C,G,C,U,C,A,C,U,G,G,G,U,G,U,G,G,A,C,G,U,A,U,C,C,mean,std dev
2.0,0.012,0.01,0.014,0.017,0.013,0.009,0.02,0.015,0.017,0.026,0.01,0.022,0.015,0.021,0.014,0.005,0.008,0.018,0.011,0.024,0.03,0.011,0.01,0.041,0.025,0.023,0.012,0.016,0.018,0.013,0.009,0.019,0.025,0.013,0.014,0.011,0.019,0.015,0.033,0.015,0.017,0.011,0.007,0.008,0.01,0.014,0.017,0.011,0.022,0.019,0.034,0.033,0.023,0.012,0.015,0.01,0.013,0.005,0.015,0.022,0.016,0.024,0.014,0.013,0.018,0.023,0.008,0.014,0.012,0.007,0.02,0.008,0.012,0.011,0.026,0.031,0.032,0.019,0.017,0.029,0.012,0.021,0.007,0.009,0.015,0.027,0.024,0.018,0.03,0.038,0.031,0.024,0.023,0.033,0.025,0.011,0.017,0.016,0.017,0.01,0.019,0.006,0.007,0.024,0.026,0.029,0.026,0.019,0.009,0.009,0.014,0.019,0.017,0.014,0.011,0.028,0.007,0.01,0.024,0.018,0.005,0.024,0.024,0.003,0.008,0.016,0.017,0.018,0.014,0.009,0.012,0.008,0.018,0.012,0.021,0.031,0.014,0.013,0.019,0.02,0.028,0.017,0.027,0.018,0.006,0.015,0.01,0.024,0.023,0.005,0.013,0.027,0.006,0.026,0.017,0.016,0.011,0.023,0.014,0.015,0.023,0.017,0.03,0.022,0.015,0.025,0.021,0.006,0.01,0.015,0.019,0.035,0.025,0.021,0.015,0.008,0.005,0.015,0.018,0.024,0.029,0.021,0.019,0.007,0.025,0.02,0.012,0.021,0.011,0.036,0.022,0.008,0.032,0.018,0.018,0.022,0.017,0.038,0.021,0.028,0.011,0.047,0.033,0.008,0.006,0.009,0.016,0.013,0.019,0.013,0.011,0.026,0.014,0.033,0.025,0.02,0.016,0.046,0.011,0.024,0.02,0.021,0.012,0.025,0.023,0.003,0.026,0.038,0.027,0.007,0.008,0.012,0.017,0.022,0.02,0.021,0.006,0.002,0.014,0.027,0.019,0.008,0.017,0.008,0.021,0.028,0.009,0.01,0.01,0.019,0.008,0.012,0.007,0.012,0.016,0.015,0.026,0.025,0.01,0.018,0.009,0.011,0.022,0.017,0.025,0.007,0.016,0.03,0.012,0.007,0.005,0.01,0.006,0.011,0.011,0.022,0.017,0.01,0.011,0.004,0.021,0.017,0.018,0.027,0.024,0.016,0.014,0.008,0.022,0.028,0.017,0.035,0.014,0.022,0.012,0.018,0.026,0.02,0.027,0.006,0.012,0.014,0.017,0.024,0.016,0.03,0.012,0.009,0.015,0.012,0.015,0.023,0.018,0.015,0.01,0.014,0.013,0.013,0.02,0.021,0.01,0.017,0.014,0.02,0.016,0.016,0.008,0.012,0.021,0.037,0.026,0.02,0.014,0.02,0.023,0.012,0.02,0.015,0.011,0.023,0.016,0.024,0.017,0.022,0.01,0.009,0.011,0.011,0.029,0.022,0.031,0.015,0.021,0.015,0.008,0.018,0.012,0.009,0.02,0.014,0.032,0.022,0.014,0.008,0.027,0.016,0.022,0.023,0.026,0.015,0.007,0.008,0.016,0.025,0.017,0.008
3.0,0.044,0.054,0.08,0.146,0.08,0.163,0.086,0.151,0.133,0.109,0.095,0.127,0.116,0.17,0.106,0.07,0.055,0.176,0.092,0.28,0.915,0.122,0.077,0.183,0.103,0.163,0.162,0.216,0.098,0.081,0.083,0.125,0.959,1.034,0.13,0.06,0.087,0.101,0.167,0.145,0.148,0.112,0.104,0.139,0.103,0.162,0.325,0.128,0.103,0.068,0.884,1.288,0.323,0.155,0.077,0.051,0.113,0.147,0.209,0.184,0.109,0.088,0.078,0.206,0.072,0.909,0.155,0.18,0.29,0.141,0.147,0.194,0.106,0.104,0.096,0.66,1.294,0.126,0.1,0.678,0.133,0.17,0.127,0.225,0.138,0.086,0.128,0.2,0.722,0.918,0.863,0.113,0.152,0.183,0.104,0.065,0.165,0.119,0.139,0.11,0.077,0.11,0.045,0.094,0.116,0.166,0.171,0.151,0.15,0.125,0.078,0.583,1.127,0.132,0.112,0.196,0.112,0.204,0.159,0.086,0.096,0.565,0.558,0.062,0.095,0.148,0.18,0.432,0.101,0.122,0.09,0.095,0.117,0.08,0.82,0.954,0.051,0.065,0.148,0.114,0.144,0.259,0.678,0.306,0.086,0.145,0.123,0.109,0.255,0.045,0.11,0.088,0.039,0.164,0.139,0.106,0.127,0.152,0.1,0.065,0.106,0.097,0.154,0.131,0.122,0.119,0.106,0.066,0.163,0.106,0.146,1.208,1.04,0.871,0.138,0.04,0.079,0.161,0.179,0.12,0.213,0.079,0.059,0.098,0.863,0.209,1.027,0.14,0.111,0.259,0.7,0.184,0.32,0.995,0.952,0.798,0.927,0.593,1.019,1.194,0.944,0.79,0.736,0.073,0.083,0.133,0.121,0.233,0.141,0.145,0.115,0.12,0.048,0.193,0.266,0.122,0.107,0.162,0.25,0.195,0.122,0.102,0.132,0.551,0.74,0.1,0.144,0.133,0.127,0.093,0.046,0.099,0.095,0.111,0.115,0.058,0.22,0.125,0.113,0.107,0.053,0.032,0.037,0.042,0.713,0.898,0.086,0.194,0.051,0.119,0.105,0.075,0.045,0.204,0.644,0.162,0.963,1.035,0.061,0.158,0.063,0.04,0.189,0.177,0.885,0.309,0.068,1.189,0.11,0.041,0.037,0.07,0.025,0.131,0.069,0.28,0.121,0.071,0.108,0.099,0.12,0.139,0.264,0.33,0.89,0.146,0.095,0.151,0.223,0.123,0.139,0.153,0.127,0.226,0.097,0.941,0.949,1.033,0.064,0.152,0.091,0.098,0.138,0.198,0.13,0.161,0.151,0.099,0.157,0.081,0.027,0.082,0.113,0.094,0.151,0.197,0.132,0.119,0.07,0.2,0.078,0.09,0.113,0.159,0.118,0.134,0.114,0.047,0.067,0.179,0.117,0.136,0.08,0.115,0.129,0.107,0.081,0.248,0.125,0.907,0.871,0.993,0.115,0.173,0.116,0.055,0.092,0.06,0.487,0.644,0.97,0.135,0.162,0.11,0.106,0.09,0.09,0.103,0.069,0.074,0.082,0.121,0.052,0.093,0.161,0.097,0.089,0.084,0.078,0.118,0.052,0.156,0.098,0.095,0.235,0.279
4.0,0.112,0.12,0.109,0.179,0.12,0.191,0.191,0.365,0.185,0.154,0.136,0.175,0.154,0.331,0.176,0.174,0.088,0.423,0.197,0.894,0.838,0.573,0.179,0.295,0.314,0.237,0.29,0.334,0.202,0.113,0.125,0.172,2.725,1.565,1.043,0.086,0.128,0.294,0.218,0.394,0.206,0.254,0.195,0.41,0.119,0.416,0.368,0.171,0.162,0.133,3.839,16.66,17.708,0.515,0.132,0.082,0.176,0.296,16.811,0.285,0.168,0.144,0.241,0.27,0.109,0.819,0.597,0.456,3.009,0.262,0.203,0.436,0.144,0.278,0.148,3.008,31.685,0.202,0.178,0.845,3.156,0.24,0.173,0.32,0.567,0.139,0.455,0.382,0.847,1.092,0.783,1.842,0.268,0.316,0.24,0.106,0.437,0.241,0.299,0.365,0.097,0.464,0.103,0.181,0.2,0.245,0.245,0.3,0.364,0.244,0.131,0.757,1.127,5.866,7.23,0.561,0.164,0.266,0.227,0.14,0.143,2.641,30.541,0.097,0.141,0.351,0.441,0.643,0.299,0.17,0.142,0.13,0.139,0.175,0.898,0.86,0.504,0.091,0.279,9.089,7.329,1.343,2.636,1.158,0.152,0.403,0.191,0.157,0.382,0.128,0.159,0.352,0.074,0.179,0.246,0.223,0.363,0.217,0.135,0.119,0.166,0.23,0.48,0.213,0.288,0.171,0.146,0.153,0.268,1.072,0.263,3.459,0.994,0.857,5.983,0.495,1.21,0.229,0.57,0.172,0.574,0.16,0.119,0.415,0.89,3.225,1.533,0.507,0.332,0.351,0.782,39.999,2.111,0.926,1.418,3.268,2.671,3.187,0.904,5.723,0.892,3.2,1.184,3.777,0.192,0.302,0.568,0.385,0.195,0.223,0.162,0.165,0.148,0.433,0.595,0.215,0.239,0.237,15.167,9.015,0.494,0.234,0.166,2.429,4.941,0.158,0.202,0.357,0.201,0.137,0.071,5.752,0.118,0.35,0.378,0.125,9.743,6.36,1.279,10.369,0.086,0.07,0.213,0.211,1.805,0.869,0.124,0.786,0.382,0.21,0.159,0.094,0.07,0.23,2.038,0.184,2.993,2.193,0.096,0.196,0.066,0.063,0.445,0.773,2.311,0.346,1.582,1.064,0.22,0.32,0.099,0.169,0.085,0.309,1.292,0.506,0.259,0.104,5.113,0.142,0.151,0.19,1.331,3.0,1.039,0.244,0.152,0.42,0.282,0.331,0.303,0.207,0.313,0.257,0.495,0.929,2.645,1.509,0.593,0.237,0.12,0.129,0.191,0.448,0.206,0.234,0.217,0.141,0.212,0.141,0.074,0.173,0.258,0.207,0.191,0.261,0.315,0.209,0.189,0.621,0.298,0.283,0.189,0.2,0.15,0.169,0.166,0.222,0.181,0.604,0.194,0.233,0.106,0.183,0.195,0.148,0.107,0.248,3.734,0.885,3.112,1.488,0.779,0.428,0.188,0.102,0.134,0.276,0.829,0.72,0.978,4.814,0.309,4.602,0.165,0.134,0.13,0.169,0.109,0.089,0.173,0.226,0.192,0.129,0.465,0.149,0.118,0.127,0.122,0.184,0.078,0.187,0.129,0.19,1.223,3.698
5.0,0.219,0.214,0.292,0.305,0.304,0.318,0.378,0.419,0.351,0.308,0.265,0.295,0.351,0.366,0.275,0.259,0.33,0.452,0.636,1.037,2.511,2.671,0.323,0.432,0.495,0.335,0.502,0.527,0.331,0.356,4.639,1.422,4.472,1.729,1.846,0.268,0.253,0.378,0.363,0.441,0.348,0.32,1.191,1.791,0.408,0.754,0.497,0.314,0.313,0.728,4.034,30.511,26.001,10.345,10.783,0.373,2.02,0.919,23.262,0.56,0.324,0.323,0.406,0.448,0.387,2.379,5.253,3.901,3.555,0.447,2.789,3.251,0.279,0.422,0.44,3.324,36.321,26.51,15.462,3.543,3.577,15.097,20.994,15.413,0.948,0.423,0.627,0.458,0.889,1.181,3.508,2.179,0.445,0.38,0.367,0.378,0.511,0.419,0.46,0.375,0.433,7.8,0.197,0.267,0.296,0.357,0.375,0.441,0.429,0.355,0.252,2.918,7.645,9.134,9.837,0.618,0.361,0.432,0.368,0.259,0.324,3.251,34.5,17.094,0.295,0.41,0.536,21.133,1.083,0.509,0.385,0.22,0.267,0.403,1.017,13.608,14.329,2.957,2.054,9.899,7.813,1.569,14.052,25.239,0.326,0.475,11.701,2.078,1.953,0.421,0.378,0.456,6.331,5.378,0.402,0.35,8.652,0.425,0.348,0.29,7.68,0.361,0.495,0.349,0.364,0.288,0.268,0.312,1.016,1.827,4.927,5.502,2.977,1.434,7.706,4.966,1.793,5.528,0.597,0.561,1.038,0.361,0.67,2.632,1.146,3.701,1.739,1.52,0.413,2.184,4.817,54.472,2.32,1.203,6.298,7.306,2.697,6.423,1.838,7.059,1.132,3.486,4.785,5.306,4.689,0.482,0.623,0.466,0.427,0.398,0.324,0.251,0.3,0.541,0.653,0.45,0.41,0.298,17.007,10.931,0.498,7.612,4.746,7.892,6.876,2.056,0.761,0.461,0.406,4.035,4.165,8.786,0.318,0.51,0.628,0.621,11.297,6.309,2.96,10.536,1.772,0.21,0.354,0.277,3.283,2.081,0.456,0.948,0.854,0.763,0.324,0.269,0.248,1.353,3.985,3.103,3.852,2.25,1.182,0.327,0.254,0.285,0.653,0.955,5.463,1.151,1.7,2.176,0.526,0.339,0.277,0.262,0.395,1.296,1.388,0.697,1.326,1.642,6.042,6.122,4.987,4.608,2.277,3.342,4.982,8.637,0.436,0.488,0.499,0.531,0.373,0.417,0.593,0.616,2.772,3.088,3.861,7.821,8.56,0.352,0.252,0.292,0.348,0.485,0.376,0.394,0.378,0.841,0.805,0.281,0.246,0.237,0.27,0.297,0.409,0.434,0.375,0.305,0.509,0.691,0.323,0.383,0.271,0.376,0.401,0.457,0.426,0.345,0.603,0.78,0.37,8.057,0.352,0.343,0.299,0.245,0.306,2.082,4.951,1.853,3.884,1.868,2.579,0.486,0.33,0.345,0.273,0.537,1.041,1.142,3.899,5.343,3.299,4.762,0.35,0.325,0.297,0.297,0.279,0.269,0.261,0.304,0.286,0.293,0.449,0.315,0.292,0.234,0.299,0.312,0.22,0.308,0.278,0.265,2.839,5.666
6.0,0.33,0.269,0.292,0.308,0.345,0.342,0.439,0.429,0.381,0.347,0.326,0.334,0.402,0.393,0.315,11.177,0.417,0.437,0.889,1.043,3.814,3.622,0.351,0.486,0.556,0.394,0.554,0.59,0.352,0.372,4.545,3.554,4.756,3.357,2.728,0.294,0.329,0.39,0.455,0.492,0.42,0.389,1.241,1.944,0.521,8.024,7.572,0.32,0.341,2.02,3.86,30.107,27.203,15.378,14.198,9.146,15.59,14.004,23.731,0.552,0.348,0.372,0.474,0.464,0.413,2.814,5.97,5.087,3.865,0.454,3.947,5.299,0.335,0.458,2.041,3.381,36.052,29.139,20.2,14.963,12.374,21.993,22.798,21.065,10.323,0.506,0.662,0.528,0.948,1.099,4.219,2.406,0.556,0.435,0.416,0.487,0.537,0.525,0.518,0.379,0.607,9.564,0.242,0.291,0.364,0.395,0.445,0.494,0.479,0.387,0.331,3.57,8.662,12.602,10.03,6.139,0.452,7.408,11.177,0.292,2.026,11.438,34.247,24.411,18.692,11.738,16.358,23.084,20.328,14.412,0.433,0.254,0.316,0.523,0.921,16.245,17.859,7.144,8.773,11.07,8.461,4.111,20.448,30.113,15.308,10.375,14.992,9.829,12.298,10.993,7.739,3.714,7.036,6.77,5.086,6.373,11.268,9.009,0.356,12.461,11.354,0.474,0.544,0.419,0.403,0.304,0.3,0.357,1.284,2.774,5.814,5.743,3.96,1.835,8.398,5.719,1.979,7.477,0.576,0.92,1.233,0.369,0.811,3.052,1.975,4.053,2.039,1.626,0.489,3.643,5.608,54.854,3.614,1.799,6.196,6.985,4.012,6.78,2.576,7.022,1.951,5.553,6.754,6.103,5.897,0.586,1.869,0.515,0.456,0.455,0.375,0.289,0.387,0.593,0.635,0.47,0.436,12.109,18.575,10.678,6.005,8.083,6.125,11.776,6.967,4.411,3.8,3.619,3.466,5.667,5.812,9.96,0.392,0.621,0.675,2.301,11.393,7.106,4.063,9.791,2.608,0.244,0.37,0.523,3.919,2.46,21.591,1.577,1.033,0.814,0.406,0.285,0.277,1.857,4.336,3.636,4.17,3.382,1.222,0.338,0.269,0.325,0.65,1.9,7.059,1.937,1.906,3.766,0.885,0.349,0.292,0.276,0.466,1.338,3.588,0.725,3.651,5.17,6.763,10.883,6.095,5.744,4.167,4.909,8.382,9.887,0.503,0.503,0.537,0.592,0.366,0.454,0.683,0.761,3.465,3.664,3.996,9.045,10.553,0.389,0.259,0.336,0.466,0.459,0.455,0.452,0.445,1.162,3.511,0.313,7.174,0.285,0.291,0.331,0.44,0.488,0.41,0.34,0.733,0.729,0.332,5.416,0.339,0.401,0.458,0.585,0.492,0.417,0.751,0.936,0.452,10.32,10.277,0.374,0.306,0.3,0.333,2.627,4.753,2.49,4.223,2.697,2.394,0.504,0.399,0.386,0.324,0.651,1.151,1.344,4.333,5.417,4.29,5.027,0.409,0.34,2.642,0.325,0.316,0.271,0.295,0.33,0.271,0.429,0.44,0.349,0.305,0.249,0.35,0.334,0.244,0.309,0.307,0.264,4.382,6.635
7.0,0.6,0.308,0.343,0.335,0.378,0.363,0.446,0.458,0.413,0.393,0.352,0.335,0.439,0.392,0.33,12.831,6.863,0.434,0.859,1.062,4.261,4.344,0.519,0.467,0.58,0.424,0.583,0.629,0.405,0.373,4.571,4.289,4.477,4.086,3.548,0.305,0.339,0.433,0.489,0.522,0.456,0.434,1.354,2.123,0.567,9.771,10.292,0.371,1.204,2.087,11.955,28.917,27.971,18.144,23.39,21.504,17.336,19.943,25.565,12.216,0.386,0.375,0.539,0.542,4.03,4.089,6.031,6.245,5.267,0.504,5.658,6.554,0.346,1.51,2.239,17.743,35.354,37.166,23.499,21.338,23.346,27.945,29.576,23.931,11.503,0.512,0.686,0.555,0.947,2.002,4.6,3.837,1.211,0.609,0.483,0.49,0.541,0.552,0.57,0.436,0.634,11.693,0.259,0.293,0.367,0.41,0.462,0.541,0.525,0.412,0.386,5.228,9.394,13.684,12.094,11.225,5.174,11.178,13.537,1.546,2.251,18.931,34.499,32.645,26.667,19.923,25.603,27.434,23.037,19.405,0.592,0.264,0.33,0.672,6.474,16.638,19.559,10.685,13.849,13.601,9.706,4.99,25.644,29.706,24.604,17.501,17.774,16.544,14.718,15.589,17.161,10.199,9.084,7.76,8.467,12.411,15.745,11.238,0.38,13.888,13.012,0.487,0.557,0.437,0.445,0.321,0.317,0.425,1.523,3.329,6.083,5.83,6.067,3.573,10.509,6.848,5.528,8.396,6.223,1.227,1.663,1.765,0.845,2.911,2.959,3.717,1.978,1.693,0.555,3.858,5.422,55.045,3.839,2.887,6.478,6.671,4.77,6.609,4.276,7.842,3.457,5.951,7.145,7.314,8.355,7.729,2.416,1.588,0.497,0.467,0.38,0.308,0.407,0.615,0.654,0.503,5.493,14.238,19.284,13.582,10.173,9.488,8.859,13.273,7.693,6.042,5.667,6.031,6.481,6.622,6.615,10.42,0.434,0.666,0.729,2.942,11.25,8.398,4.989,9.515,3.035,2.253,1.923,0.654,3.889,2.892,48.078,1.781,1.138,0.798,0.567,0.334,0.3,2.526,4.635,3.803,4.344,3.495,1.416,0.354,0.281,0.372,0.688,2.185,7.376,2.205,2.392,5.208,1.512,0.352,0.304,0.289,0.48,1.315,4.91,4.582,6.138,6.909,7.439,14.206,7.131,6.275,4.854,6.069,10.375,11.207,0.574,0.567,0.541,0.624,0.402,0.487,0.738,0.947,4.202,6.531,3.791,10.984,12.788,0.482,0.331,0.331,0.464,0.465,0.491,0.487,0.533,3.669,4.013,8.049,10.666,0.31,0.314,0.345,0.463,0.5,0.427,0.34,0.715,0.766,3.073,7.353,4.539,0.408,0.491,0.588,0.617,0.534,0.926,1.099,0.536,12.205,12.036,0.364,0.319,0.309,0.375,3.126,4.735,3.051,4.886,2.933,3.088,0.512,0.425,0.386,0.332,0.68,1.129,3.913,4.808,5.791,6.087,5.954,0.424,0.407,3.266,0.353,0.325,0.286,0.304,0.349,0.277,0.421,0.46,0.373,0.321,0.292,0.366,0.343,0.284,0.333,0.323,0.265,5.721,8.015
8.0,0.589,0.332,0.385,0.364,0.386,0.414,0.538,0.597,0.503,0.418,0.392,0.374,0.472,0.521,6.532,13.651,10.883,0.46,0.816,1.026,5.249,4.787,1.154,0.573,0.616,0.587,0.703,0.732,0.567,1.889,4.332,4.564,4.296,4.89,4.688,0.943,0.505,0.638,0.65,0.648,0.548,0.498,1.584,2.203,1.865,11.116,11.026,0.563,1.291,2.055,19.532,29.447,28.184,23.655,28.751,29.086,23.078,27.537,28.598,22.865,0.427,0.495,0.668,0.747,5.578,4.542,6.497,6.796,6.02,3.753,5.978,7.222,0.444,1.547,10.121,31.185,37.728,38.646,31.367,29.324,33.253,34.317,35.204,32.828,24.599,4.604,0.687,0.71,1.806,3.667,5.292,4.635,1.48,0.716,0.591,0.682,0.622,0.595,0.645,3.365,5.53,13.275,0.475,0.383,0.439,0.454,0.503,0.632,0.663,0.488,0.5,8.171,10.134,14.038,13.449,15.003,9.815,13.669,14.839,1.626,2.319,27.738,37.84,38.57,34.69,31.537,34.396,34.508,30.51,25.555,21.286,0.386,0.35,0.882,9.266,18.184,20.493,17.77,17.015,15.453,13.211,9.344,29.182,29.784,30.191,26.187,23.609,22.71,19.8,21.86,22.394,16.489,10.673,11.329,13.218,16.478,18.299,16.483,8.893,15.062,14.538,0.535,0.598,0.525,0.504,0.387,0.345,0.591,2.016,4.126,6.687,6.314,6.605,4.518,11.441,9.241,7.987,9.649,8.145,3.994,2.009,2.154,0.967,2.713,3.604,3.449,2.251,1.738,1.543,3.756,5.504,57.114,3.807,5.32,6.668,6.452,5.424,6.522,4.898,9.473,6.283,6.965,7.137,8.73,10.292,8.527,2.965,2.192,0.754,0.495,0.446,0.399,0.45,0.649,0.748,0.638,8.569,17.385,19.106,14.846,12.821,11.63,12.061,14.124,11.395,8.159,7.531,7.228,7.553,7.486,8.233,10.397,1.011,0.769,0.731,3.558,11.042,9.588,6.194,9.536,3.842,3.669,3.54,3.201,5.527,3.228,51.946,2.078,1.756,1.514,0.728,0.424,1.765,2.701,4.504,4.311,4.286,4.105,3.911,0.458,0.322,0.465,1.341,2.161,7.891,2.88,2.983,5.964,2.662,0.402,0.399,0.345,0.652,3.947,6.461,5.883,6.942,7.641,9.534,15.707,12.097,7.919,6.629,9.072,11.937,10.953,0.742,0.708,0.622,0.643,0.548,0.523,0.832,1.634,4.021,6.412,3.823,11.505,13.902,7.867,0.472,0.403,0.548,0.529,0.53,0.623,0.704,4.73,5.148,10.003,11.108,0.42,0.442,0.505,0.527,0.542,0.492,0.423,0.68,0.744,2.851,8.483,6.53,0.501,0.583,0.746,0.723,0.701,1.213,1.417,4.164,12.521,12.914,0.716,0.446,0.344,0.49,3.446,4.583,3.396,4.789,3.449,3.577,2.566,0.481,0.404,0.471,0.827,1.222,8.366,6.161,6.18,6.853,6.842,4.734,1.725,4.206,0.376,0.431,0.376,5.219,0.403,0.321,0.444,0.452,0.39,0.422,0.409,0.451,0.383,0.297,0.334,0.348,0.318,7.25,9.551
9.0,0.562,0.427,0.408,0.416,0.445,0.494,0.587,0.66,0.568,0.451,0.439,0.454,0.501,0.536,9.417,14.524,12.004,0.722,0.801,2.09,5.179,5.145,1.54,0.625,0.63,0.653,0.765,0.83,0.654,2.68,4.326,5.063,4.18,5.645,4.912,2.172,0.624,0.747,0.726,0.711,0.654,0.84,1.838,2.555,4.587,11.396,11.205,0.726,1.61,2.93,24.427,29.845,28.683,25.704,32.198,31.018,27.456,29.134,28.733,23.82,0.541,0.556,0.729,0.863,9.3,5.936,6.601,6.942,6.148,4.776,6.16,6.895,1.931,1.773,9.009,34.565,38.407,38.558,35.725,34.546,35.808,36.593,37.134,34.548,26.197,8.574,0.689,0.835,2.262,4.37,5.497,5.493,1.646,0.76,0.69,0.796,0.722,0.675,0.73,5.431,9.662,13.986,0.558,0.439,0.486,0.551,0.631,0.701,0.707,0.549,1.573,8.777,9.834,14.055,14.098,15.475,12.441,14.802,15.125,2.23,14.193,32.477,38.514,40.046,38.31,35.892,37.195,36.482,34.164,30.566,25.628,0.482,0.401,5.135,10.217,17.418,20.605,18.843,17.589,15.832,13.821,17.905,31.077,30.222,30.927,28.375,27.109,25.725,23.531,25.689,25.575,19.757,11.314,12.401,14.708,17.12,18.63,17.674,11.689,14.286,14.951,0.586,0.639,0.606,0.567,0.419,0.423,0.868,2.116,5.208,7.181,6.479,6.356,5.806,11.298,10.382,9.373,9.948,9.173,4.179,2.253,2.241,1.153,2.707,3.289,3.226,2.72,2.135,1.943,3.697,5.618,55.366,3.886,5.987,6.74,6.615,6.039,6.637,6.284,9.897,6.77,8.98,7.196,9.317,10.363,9.4,3.169,2.275,0.798,0.558,0.508,0.443,0.533,0.678,0.785,0.724,11.678,17.17,18.675,15.422,13.009,12.673,13.14,14.044,13.436,8.469,8.349,8.263,8.241,7.979,9.268,10.673,1.789,0.859,1.798,5.677,10.47,10.134,7.921,9.421,6.675,3.911,3.781,4.642,6.651,3.299,53.888,13.252,2.066,1.618,0.843,0.501,2.059,3.094,4.346,4.617,4.449,4.32,4.096,1.847,0.402,0.506,1.599,3.122,8.201,3.048,3.445,6.783,3.15,0.5,0.471,0.381,0.665,5.173,7.831,7.537,7.877,8.178,12.123,16.059,13.551,8.188,8.389,10.964,12.729,10.344,3.293,0.772,0.699,0.668,0.62,0.569,0.897,2.218,3.781,9.451,3.903,14.189,13.755,11.315,0.674,0.478,0.589,0.591,0.646,0.792,2.998,5.039,6.356,11.245,11.212,3.077,0.529,0.603,0.631,0.606,0.547,0.557,0.686,0.756,5.084,8.396,7.337,0.558,0.665,0.794,0.762,0.783,1.326,1.593,8.287,12.511,12.869,0.903,0.519,0.397,1.59,3.509,4.46,4.217,4.593,3.81,3.942,2.968,0.565,0.461,0.561,0.91,3.351,9.324,7.556,6.348,6.893,6.688,5.295,2.739,4.411,1.485,0.469,6.382,7.441,0.433,0.397,0.472,0.454,0.468,0.522,0.528,0.529,0.454,0.388,0.359,0.398,0.355,8.069,10.101
10.0,0.588,0.505,0.419,0.438,0.516,0.559,0.651,0.694,0.617,0.472,0.473,0.509,0.537,0.571,11.424,14.488,13.564,0.806,1.279,3.429,5.558,5.782,1.854,0.696,0.72,0.784,0.877,0.929,0.743,3.268,4.122,5.183,4.189,6.706,5.328,3.575,0.703,0.845,0.777,0.787,0.756,1.24,2.006,2.81,5.566,11.538,11.758,3.712,1.805,3.154,24.776,30.56,28.798,27.966,31.838,31.664,28.472,29.13,28.11,23.133,0.773,0.636,0.785,0.933,9.768,7.464,6.699,6.996,6.211,5.064,6.511,7.235,4.037,2.156,19.113,35.053,38.306,38.227,35.649,34.853,36.265,37.26,36.876,33.816,26.73,10.114,0.717,0.947,3.071,5.409,5.983,5.485,1.819,0.938,0.787,0.835,0.774,0.754,0.83,5.959,11.601,14.916,8.056,0.481,0.531,0.597,0.691,0.762,0.757,0.596,5.48,9.462,10.14,13.903,14.332,15.738,13.177,15.114,15.403,7.801,22.107,34.566,39.234,39.506,38.357,37.446,37.298,36.811,33.901,30.34,25.597,0.592,0.538,4.665,14.834,17.89,20.434,19.511,17.591,15.988,13.99,19.84,31.68,30.444,30.642,28.736,27.342,25.925,25.574,26.314,26.225,21.019,12.85,12.664,15.289,17.311,18.796,17.664,13.761,14.752,15.058,5.71,0.701,0.674,0.635,0.478,0.491,1.438,2.848,5.557,8.105,6.797,6.43,6.345,11.114,10.849,10.402,10.179,9.462,6.518,3.629,2.511,1.884,2.607,3.096,3.027,2.753,2.261,2.233,4.072,11.313,56.398,3.987,6.582,7.117,7.098,6.339,6.965,7.64,10.169,8.658,9.886,7.841,10.36,10.778,9.352,5.221,2.38,0.79,0.594,0.594,0.506,0.578,0.723,0.818,5.385,14.268,18.425,18.367,15.767,12.989,13.554,14.087,14.874,15.32,9.683,9.383,9.358,8.556,8.306,10.131,10.745,6.491,2.945,3.452,6.379,10.183,10.379,8.706,9.672,8.07,4.462,4.708,5.659,6.851,3.506,53.01,24.922,2.407,1.74,0.934,1.049,2.093,3.412,4.176,4.568,4.529,4.43,4.03,3.079,0.481,0.637,1.737,3.695,8.019,3.844,3.592,7.165,3.746,1.144,0.492,0.455,1.003,5.475,7.889,7.917,8.104,8.46,13.441,15.852,14.643,8.587,9.47,11.733,13.16,10.181,5.431,0.878,0.762,0.742,0.761,0.67,0.963,2.775,3.572,11.756,3.808,14.957,14.526,11.225,0.744,0.514,0.655,0.625,0.687,0.913,3.817,5.156,7.013,11.38,12.567,5.725,0.627,0.676,0.663,0.647,0.608,0.592,0.686,0.784,7.289,8.262,8.011,0.613,0.735,0.845,0.794,0.909,1.488,1.662,9.76,12.77,13.085,6.414,0.545,0.45,2.202,3.572,4.372,4.612,4.466,4.336,4.161,3.16,0.649,0.549,0.701,0.982,6.427,10.113,8.475,6.581,6.928,6.483,5.11,2.843,4.525,4.101,0.519,10.253,11.73,0.464,0.449,0.498,0.468,0.514,0.61,0.593,0.564,0.479,0.443,0.393,0.435,0.383,8.68,10.173
11.0,0.632,0.637,0.434,0.466,0.562,0.638,0.713,0.77,0.744,0.564,0.533,0.574,0.589,0.6,11.713,14.325,13.556,3.201,2.309,4.057,6.072,6.351,2.783,1.094,0.834,0.871,0.918,1.023,0.881,3.258,3.87,5.631,4.07,7.186,5.741,3.831,0.831,0.943,0.903,0.852,0.863,1.319,2.158,3.343,8.969,12.253,12.144,6.261,1.884,11.074,25.515,30.433,28.785,30.563,31.9,32.237,29.136,29.336,28.172,24.586,11.23,0.726,0.881,4.013,10.5,9.103,6.713,6.86,6.417,6.03,6.789,7.744,5.566,2.116,23.652,36.304,38.838,36.749,36.176,35.221,36.417,38.007,37.935,34.68,28.785,16.456,0.796,1.026,3.991,5.95,6.453,5.737,2.104,1.209,0.93,0.958,0.89,0.844,0.894,7.33,12.343,15.123,10.613,0.582,0.591,0.685,0.778,0.832,0.818,0.701,7.089,10.062,10.828,13.883,14.752,15.578,14.744,16.507,15.356,11.745,24.35,34.789,40.255,38.8,39.299,38.633,38.044,37.465,34.236,30.806,26.857,14.977,0.637,8.197,16.492,18.33,20.41,19.921,18.003,16.333,14.522,21.687,30.796,30.902,30.312,29.761,28.38,27.388,26.584,27.321,27.445,25.234,19.309,13.626,15.598,17.522,18.895,18.302,16.106,15.891,14.752,9.455,0.753,0.741,0.705,0.582,0.581,1.624,3.329,5.666,8.661,7.853,7.138,6.523,11.34,11.057,11.235,11.288,10.062,7.249,4.331,3.169,2.47,2.489,2.944,2.889,2.77,2.556,2.443,4.022,13.655,53.895,4.487,7.206,7.694,7.268,6.757,7.503,8.939,10.61,10.33,10.223,8.368,10.869,11.167,10.408,7.992,2.784,1.563,0.695,0.688,0.645,0.648,0.744,0.849,7.915,15.836,19.055,18.047,15.858,13.601,13.824,14.497,15.612,15.634,10.761,10.447,11.71,8.706,8.675,10.448,10.762,7.577,4.262,4.374,7.739,10.056,10.35,8.858,10.154,8.449,4.715,4.836,6.227,7.036,3.732,52.385,34.631,2.524,2.011,0.947,1.557,2.02,3.646,4.018,4.399,4.473,4.368,3.956,3.183,0.533,1.11,1.93,4.966,7.968,4.64,4.752,7.633,4.699,13.945,1.375,1.365,1.129,6.613,8.446,8.858,8.139,8.384,13.724,15.24,14.848,8.578,10.65,12.625,13.323,10.545,6.091,0.991,0.839,0.839,0.829,0.78,1.053,3.031,7.559,12.847,5.16,16.118,14.493,12.587,1.373,0.706,0.713,0.679,0.8,1.897,4.195,5.369,7.466,11.724,13.8,12.567,0.695,0.742,0.737,0.715,0.682,0.689,0.678,0.791,9.491,8.516,8.203,1.883,0.885,0.93,0.914,1.171,1.685,1.866,10.576,13.189,13.683,9.231,0.724,0.524,2.369,3.462,4.169,4.847,4.294,4.6,4.197,3.217,1.858,0.622,0.863,1.064,7.526,11.455,9.806,6.599,6.944,6.486,5.334,3.558,5.005,4.794,0.59,11.45,11.525,3.775,0.561,0.543,0.502,0.569,0.724,0.71,0.611,0.53,0.496,0.421,0.463,0.418,9.392,10.301
12.0,0.721,0.709,0.452,0.487,0.583,0.655,0.73,0.801,0.791,0.6,0.571,0.596,0.606,0.604,12.137,14.462,13.87,5.985,2.944,4.482,6.107,7.049,3.4,1.361,0.894,0.941,1.02,1.111,2.406,3.324,3.879,6.32,4.185,7.351,5.818,4.928,1.023,0.992,0.991,0.935,0.925,1.776,2.478,3.917,9.969,12.392,15.199,9.527,2.267,17.153,25.498,30.552,28.768,30.947,32.088,31.92,30.123,29.445,28.278,24.741,15.82,1.659,0.924,7.662,10.975,10.031,6.963,6.859,6.57,6.538,7.513,8.142,6.237,2.341,26.786,35.079,39.612,35.924,35.708,35.145,36.578,38.422,38.026,34.807,29.916,21.914,0.855,1.02,4.526,6.455,6.63,6.647,2.755,1.36,0.997,1.004,0.967,0.892,2.356,8.855,13.155,15.286,12.134,0.647,0.63,0.725,0.827,0.871,0.852,1.182,8.274,10.87,11.36,13.849,15.093,15.634,16.652,17.213,16.17,12.306,26.728,34.01,40.737,38.081,38.806,39.241,38.263,37.258,34.276,30.645,27.853,20.836,0.756,10.405,17.79,19.014,20.267,19.989,18.219,16.285,15.469,22.396,30.041,31.011,30.101,30.304,28.987,27.971,28.393,28.503,27.788,26.676,20.538,14.213,15.838,17.586,18.882,18.722,18.028,17.232,14.976,11.079,0.906,0.913,0.915,0.628,0.733,1.846,4.158,5.85,9.076,12.963,10.367,27.591,11.379,11.371,11.729,11.477,10.144,7.714,4.732,3.497,2.939,2.403,2.817,2.812,2.824,2.716,2.975,4.231,24.45,52.981,9.955,7.433,8.048,7.713,6.785,8.233,9.441,11.037,10.335,10.879,8.753,11.278,11.202,10.655,9.242,2.888,1.815,0.773,0.718,0.69,0.706,0.785,0.877,10.498,17.027,19.644,18.059,16.199,14.012,14.059,14.732,15.757,15.731,12.379,11.923,12.864,10.391,9.095,10.543,11.147,8.32,5.776,6.583,9.497,9.969,10.339,9.561,10.752,9.132,5.727,5.863,6.274,7.148,19.582,51.351,36.75,2.681,2.345,1.431,1.651,2.106,3.545,3.804,4.391,4.339,4.361,3.97,3.383,0.923,1.371,2.57,5.921,7.819,5.813,5.614,7.683,13.256,15.947,1.789,1.603,3.911,6.959,8.823,9.635,8.79,9.091,14.015,15.469,15.023,9.46,11.746,13.417,13.718,11.169,7.816,1.022,0.886,0.893,0.892,0.908,1.924,3.061,9.445,13.448,7.011,16.283,14.85,12.754,4.063,0.779,0.732,0.729,0.873,2.93,4.483,6.312,9.201,12.45,17.548,16.095,0.782,0.811,0.778,0.741,0.704,0.713,0.687,0.803,10.351,8.949,8.457,3.668,0.945,0.992,1.003,1.247,1.811,2.021,11.44,13.828,14.395,9.886,0.867,1.168,2.498,3.43,4.049,4.679,4.26,4.613,4.174,3.239,2.169,0.687,0.912,1.102,9.263,12.164,10.872,6.778,6.896,6.285,5.428,5.104,5.167,5.741,3.668,11.959,12.666,5.617,0.615,0.576,0.531,0.607,0.792,0.765,0.682,0.582,0.514,0.462,0.469,0.43,10.093,10.402
13.0,0.772,0.719,0.553,0.525,0.607,0.68,0.764,0.849,0.819,1.363,0.602,0.618,0.637,5.916,12.95,14.32,13.86,9.871,3.585,4.799,6.171,7.661,3.817,1.347,0.934,0.991,1.041,1.151,2.493,3.494,3.886,6.838,4.598,7.366,5.727,5.104,1.384,1.042,1.032,0.976,1.834,2.725,2.899,4.689,11.057,13.036,17.921,14.281,2.892,20.34,26.217,30.886,29.238,31.682,31.523,31.848,30.921,29.138,28.137,24.751,18.55,1.924,1.819,9.25,11.458,11.029,7.35,7.105,6.594,6.987,7.868,8.841,8.535,10.158,29.004,35.47,39.495,35.473,35.206,34.868,36.439,38.521,37.813,34.686,30.281,22.892,3.606,1.437,5.071,6.729,7.234,7.607,3.52,1.427,1.047,1.044,1.007,0.939,4.137,10.066,13.662,15.78,12.59,0.742,0.674,0.759,0.855,0.901,1.112,2.022,8.543,11.397,11.86,13.842,15.161,16.055,17.301,17.531,17.604,18.159,27.837,35.589,40.703,37.295,38.221,39.116,38.084,36.246,33.303,30.21,27.548,22.364,1.448,13.283,18.397,19.403,20.239,20.041,18.098,16.167,16.97,23.267,29.511,31.049,29.435,30.436,29.537,28.494,29.718,29.506,28.162,26.809,21.296,14.552,15.848,17.552,18.823,18.294,18.538,17.312,14.898,12.424,1.024,1.082,1.114,0.966,1.182,2.151,4.654,6.17,9.288,16.07,17.061,33.945,11.577,11.481,11.695,11.491,10.217,8.156,4.881,3.486,3.223,2.433,2.703,2.675,2.776,2.751,3.556,9.357,25.095,52.031,15.879,7.745,8.809,8.16,6.707,8.455,9.768,11.277,10.541,11.198,8.773,11.447,11.283,10.742,10.016,5.463,1.773,0.8,0.791,0.761,0.76,0.811,0.921,12.085,17.757,20.141,18.083,16.659,14.621,14.204,15.297,15.801,15.772,13.525,13.18,14.089,12.166,10.887,11.313,11.563,8.912,6.836,7.13,10.409,10.327,10.477,10.198,10.929,9.571,6.821,6.112,6.311,7.229,26.22,50.23,39.266,2.919,2.51,2.04,1.773,2.218,3.527,3.729,4.286,4.169,4.324,3.931,3.428,1.768,1.687,2.7,6.555,7.857,6.577,6.025,7.539,14.916,17.052,2.945,2.574,5.054,7.954,9.407,10.72,9.167,9.978,14.406,15.29,15.094,12.393,12.774,13.727,13.773,11.929,8.517,3.184,0.948,0.927,0.925,0.958,2.112,3.052,10.659,14.186,10.03,16.773,15.14,13.116,5.878,0.883,0.785,0.8,2.196,3.833,4.707,6.921,10.076,12.846,20.817,18.703,0.848,0.846,0.819,0.787,0.765,0.739,0.7,5.038,10.557,9.746,8.683,5.548,1.005,1.037,1.037,1.36,1.888,3.238,11.824,14.403,14.696,11.215,0.931,1.379,2.635,3.662,3.979,4.537,4.201,4.537,4.094,3.549,2.489,0.768,0.974,1.186,9.898,12.431,11.543,7.006,6.856,6.115,5.23,5.21,5.231,6.063,6.925,12.731,12.882,7.946,0.667,0.609,0.571,0.721,0.91,0.894,0.718,0.618,0.553,0.511,0.499,0.474,10.672,10.418
14.0,0.824,0.816,0.686,0.633,0.637,0.721,0.823,0.945,1.778,2.665,1.313,0.762,0.72,8.239,13.046,14.323,13.732,10.215,4.081,5.26,6.443,7.875,4.691,1.611,1.001,1.049,1.094,1.187,2.746,3.492,4.488,7.432,4.784,7.614,5.913,5.17,1.834,1.103,1.07,2.573,3.543,3.67,3.49,5.019,11.503,15.499,20.25,16.964,7.432,22.037,27.017,30.263,30.29,31.845,31.564,31.929,30.921,29.09,27.541,24.309,19.086,3.351,2.389,10.411,11.794,11.636,7.896,7.395,6.706,7.231,8.227,9.568,9.667,13.219,30.29,35.773,39.467,34.973,34.379,34.808,36.108,37.983,36.884,33.932,28.765,22.47,6.999,1.899,5.762,7.227,7.79,8.74,4.288,1.553,1.106,1.08,1.026,0.967,5.668,11.008,14.184,16.514,14.11,0.773,0.704,0.799,0.898,1.079,1.37,2.491,9.074,12.0,12.751,14.175,15.545,16.055,18.087,18.229,19.706,22.043,29.092,36.62,40.332,36.642,37.764,38.881,37.683,35.293,32.363,29.03,26.872,22.557,3.779,14.811,19.071,19.975,20.307,19.818,18.296,16.347,18.5,23.803,28.925,31.122,29.212,30.509,30.323,29.248,30.723,29.777,27.807,27.281,22.357,17.253,16.017,17.38,18.601,18.298,18.629,17.198,15.026,12.427,1.109,1.239,1.248,1.136,1.664,2.761,5.045,6.448,9.544,21.674,20.64,37.405,11.703,11.701,11.923,11.711,10.73,8.759,5.73,3.607,3.327,2.622,2.634,2.534,2.698,2.82,3.84,17.15,27.097,52.402,21.023,10.173,9.268,8.888,6.588,9.237,10.129,11.477,10.748,11.43,8.996,11.691,11.776,11.143,12.041,8.843,1.907,0.844,0.881,0.858,0.809,0.822,2.426,13.403,18.114,20.237,18.5,16.933,14.997,14.887,15.582,15.844,15.882,15.358,13.978,15.149,13.4,11.225,11.711,11.745,9.638,8.202,7.695,10.906,10.36,10.588,10.908,11.16,9.838,7.726,6.557,6.571,7.156,28.145,49.955,40.807,8.799,2.753,2.217,1.905,2.307,3.423,3.628,4.162,4.024,4.207,3.797,3.36,2.533,1.875,3.651,6.812,8.179,6.783,6.554,7.524,18.347,18.347,11.904,3.561,6.161,9.537,10.039,11.488,10.978,12.252,14.619,15.23,15.123,15.302,13.465,14.158,13.87,12.399,10.334,4.114,1.013,0.993,0.968,1.018,2.212,5.472,11.41,14.633,12.032,16.929,15.058,13.103,8.985,1.588,1.319,1.682,2.899,4.351,5.163,7.542,11.017,13.346,21.563,21.488,7.885,0.885,0.843,0.823,0.833,0.762,0.745,8.02,11.559,10.082,8.535,6.231,1.039,1.083,1.12,1.532,2.022,5.403,12.592,14.784,14.994,12.219,0.925,1.571,2.662,3.764,3.924,4.434,4.114,6.734,3.974,3.662,2.488,0.844,1.056,2.539,11.01,12.823,12.118,7.655,6.867,6.019,5.095,5.157,5.261,6.243,9.859,13.191,14.002,9.701,0.705,0.687,0.712,0.802,0.984,0.939,0.734,0.644,0.578,0.57,0.517,0.53,11.281,10.379
15.0,0.847,0.866,0.741,0.767,0.758,0.859,0.938,1.035,3.825,3.937,1.335,0.803,0.907,9.301,12.88,13.97,13.666,11.531,4.497,5.686,6.752,8.142,5.169,1.995,1.36,1.131,1.165,1.957,2.735,3.333,4.848,7.819,5.805,7.606,6.066,5.105,3.564,1.191,1.946,3.379,4.492,4.821,3.859,6.401,12.254,17.608,21.607,18.915,11.443,22.529,27.395,30.107,30.54,31.496,31.409,32.166,31.101,28.493,27.083,24.415,19.671,7.254,4.009,11.005,12.084,11.985,8.459,7.833,6.937,7.797,8.824,10.122,10.968,17.82,30.291,35.386,39.022,34.33,33.68,34.103,35.491,37.386,36.154,32.564,28.654,22.935,14.431,3.349,6.311,7.539,8.303,9.713,4.817,1.813,1.232,1.116,1.05,1.044,6.617,10.975,14.776,18.418,16.011,3.765,0.763,0.832,1.041,1.419,2.024,5.092,10.14,12.283,13.494,14.644,15.683,16.083,18.157,18.591,22.692,25.159,30.288,36.462,39.548,35.851,37.467,38.673,37.918,34.938,31.502,28.205,26.525,23.624,16.13,15.888,19.281,20.78,20.401,19.721,18.665,17.685,19.194,24.758,28.641,31.235,29.256,30.682,30.639,30.808,31.135,29.688,27.478,27.663,24.216,19.601,16.067,17.069,18.049,18.339,19.18,18.024,15.906,12.932,1.116,1.332,1.354,1.561,1.96,3.489,5.316,7.036,11.321,25.581,23.163,37.127,11.854,11.987,12.123,11.924,10.803,9.004,6.669,4.173,3.4,2.759,2.574,2.533,2.603,2.834,3.979,23.044,27.873,52.522,24.653,15.501,9.725,9.456,6.776,9.679,10.397,11.601,10.926,11.649,9.647,11.832,11.999,11.004,13.482,10.906,2.304,1.462,0.986,0.971,0.838,0.875,5.496,14.629,18.206,19.921,19.034,17.359,15.996,15.869,16.004,15.926,15.889,16.425,14.95,15.426,14.821,11.45,11.797,12.125,10.302,8.742,8.365,11.079,10.364,10.927,11.277,11.408,10.082,8.586,6.945,6.951,7.438,28.384,49.228,42.033,16.56,3.411,2.425,2.254,2.686,3.317,3.493,4.076,3.857,4.046,3.685,3.299,2.741,2.654,5.589,6.895,8.276,6.859,8.823,7.951,23.61,19.667,13.619,4.922,8.59,10.877,11.258,11.89,12.106,13.728,15.067,15.15,14.966,16.045,14.538,14.585,13.902,12.82,11.03,4.696,1.127,1.061,1.063,1.534,2.24,8.077,11.891,15.264,13.505,16.871,15.404,13.376,9.917,2.641,2.324,3.53,4.172,4.873,5.216,7.483,11.029,14.644,23.139,21.934,10.964,0.916,0.867,0.872,0.862,0.773,2.657,9.044,12.194,10.359,8.536,7.115,1.477,1.123,1.274,1.665,2.169,7.752,13.173,15.004,15.104,13.561,3.517,1.92,2.742,3.65,3.835,4.366,6.005,9.814,3.827,3.593,2.463,1.949,1.114,5.368,11.922,12.922,12.588,8.129,6.916,6.031,5.272,5.524,5.82,6.196,10.886,13.358,15.081,13.178,0.781,0.826,0.841,0.925,1.045,0.99,0.861,0.657,0.619,0.622,0.548,0.574,11.922,10.298
16.0,0.866,0.885,0.963,0.875,0.984,1.031,1.084,1.153,5.19,4.975,2.866,1.03,1.053,9.68,13.146,13.904,13.549,12.18,5.948,6.129,7.343,8.999,5.989,2.551,1.55,1.192,1.244,2.475,2.778,3.579,5.129,7.946,6.243,7.518,6.207,5.106,4.094,1.457,2.85,4.303,5.279,5.286,4.884,8.283,12.896,19.176,22.641,20.848,17.235,22.864,27.403,29.68,30.526,31.256,31.613,32.044,31.145,27.733,26.412,24.386,20.929,12.642,6.409,11.392,12.404,12.378,8.885,8.425,7.23,8.17,9.5,11.213,12.847,23.33,30.7,35.587,38.483,33.754,33.003,33.347,34.841,36.444,34.992,31.531,28.339,24.013,18.897,4.255,6.603,7.821,8.861,10.577,5.33,1.968,1.417,1.176,1.128,1.189,7.321,12.154,15.34,20.325,18.095,7.508,0.896,0.954,1.218,1.565,2.395,6.746,11.609,13.185,14.127,15.011,15.973,16.549,18.313,21.57,24.546,27.876,31.45,36.526,38.965,35.196,36.776,38.165,37.595,34.245,30.534,27.5,26.515,25.053,19.35,16.635,19.656,21.332,20.574,19.687,18.866,18.281,20.152,25.254,28.646,30.652,29.037,30.521,30.937,31.602,31.327,29.266,27.388,27.482,25.42,20.696,16.162,16.87,17.391,18.226,19.4,18.367,16.114,13.534,6.139,1.362,1.523,1.755,2.167,4.229,5.668,7.598,14.935,26.93,25.716,38.193,11.882,12.048,12.236,12.049,10.938,9.477,6.999,9.261,3.738,2.934,2.467,2.589,2.592,3.033,4.225,23.871,29.505,52.318,28.894,21.728,10.203,11.261,7.34,10.095,10.718,11.677,11.058,11.723,10.14,11.861,11.952,11.729,14.241,12.153,3.647,1.602,1.088,1.016,0.922,0.921,8.317,15.817,18.144,19.95,19.53,17.763,16.562,16.426,16.332,16.077,15.964,16.858,15.806,16.023,15.736,11.979,12.123,12.328,10.655,9.454,9.672,11.33,10.514,10.993,11.646,11.551,10.513,9.001,7.829,7.533,7.594,30.799,49.069,44.095,22.439,3.881,3.056,2.372,3.01,3.282,3.436,3.936,3.709,3.935,11.829,3.287,2.984,2.83,6.113,7.165,8.312,7.057,14.289,8.715,29.92,25.609,15.128,5.815,10.336,11.699,12.13,12.719,12.471,14.353,15.304,15.246,15.069,16.473,15.679,14.789,14.058,13.117,11.399,6.728,2.472,1.111,1.16,1.976,2.589,9.753,12.767,15.391,14.357,16.662,15.627,13.553,11.198,3.7,3.426,4.428,5.112,5.402,5.818,8.001,11.741,16.954,23.434,22.206,14.196,1.009,0.99,0.915,0.981,0.9,3.538,10.546,12.506,10.748,8.802,7.399,2.119,1.306,1.549,1.873,2.229,8.848,13.721,15.436,15.362,14.26,6.443,2.103,2.738,3.624,3.787,4.347,8.685,12.866,3.679,3.461,2.637,2.045,1.389,7.74,12.543,12.974,12.885,8.93,6.956,5.977,5.342,5.676,6.335,6.329,11.835,13.37,16.216,14.055,3.8,1.021,1.037,1.12,1.102,1.052,0.918,0.725,0.682,0.639,0.585,0.653,12.585,10.273
17.0,0.905,0.898,1.003,1.042,1.117,1.166,1.243,2.412,6.034,5.356,3.485,1.475,1.202,10.104,13.192,13.708,13.412,12.519,7.149,6.582,7.636,9.349,6.432,3.392,1.715,1.323,1.549,2.629,2.895,3.93,5.299,7.901,6.636,7.426,6.144,5.107,4.348,2.3,3.732,5.081,5.855,5.718,5.653,8.976,13.268,20.292,23.162,22.212,22.512,23.275,28.232,29.301,30.569,30.832,32.047,32.397,31.087,27.999,26.067,24.195,21.203,14.823,8.374,12.159,12.796,12.589,8.952,8.736,7.858,8.566,9.916,12.027,14.73,25.417,31.062,35.423,37.792,33.14,32.798,32.527,33.856,35.336,33.905,30.441,27.447,24.489,19.105,5.706,7.398,8.218,9.648,11.578,6.068,2.648,1.573,1.398,1.312,2.847,7.949,13.014,15.767,22.046,19.499,9.397,1.128,1.165,1.371,1.788,2.754,7.613,13.478,14.513,14.575,15.45,16.253,17.594,18.43,23.522,25.461,29.32,32.705,36.652,38.209,34.595,36.494,37.481,37.281,33.241,29.448,26.957,26.236,24.822,21.206,17.701,20.105,21.543,20.881,20.188,18.812,18.633,20.662,25.273,28.379,30.473,29.082,30.62,31.307,32.214,31.286,28.742,27.385,27.293,26.101,21.342,16.08,16.344,16.637,18.222,19.283,18.382,16.442,14.314,8.062,1.413,1.649,1.943,2.493,4.489,6.017,9.322,19.704,28.645,27.952,38.559,11.851,12.121,12.174,11.922,11.033,9.862,7.55,15.398,14.66,3.294,2.407,3.013,2.614,3.514,4.591,27.508,30.737,52.748,29.745,24.935,10.604,14.35,7.947,10.299,10.858,11.734,11.255,11.704,10.58,11.602,11.646,12.308,14.924,12.734,7.166,1.622,1.158,1.114,0.969,2.001,10.978,16.365,18.281,19.848,20.104,18.316,17.326,16.956,16.341,16.197,15.852,17.166,16.61,16.521,16.821,13.52,12.323,12.524,10.983,9.915,10.421,11.421,10.692,11.242,11.802,11.845,10.913,9.558,8.23,9.424,7.766,32.243,48.872,45.153,28.331,4.847,3.498,2.443,3.016,3.208,3.336,3.835,3.537,3.861,16.548,10.137,3.17,2.896,6.429,7.414,8.491,7.08,23.43,10.381,32.748,29.237,16.239,7.149,11.169,12.575,12.933,13.506,12.967,14.756,15.741,15.43,15.248,17.218,16.413,15.325,14.255,13.564,11.9,8.741,3.192,1.231,1.413,2.162,2.708,10.645,13.474,15.488,14.786,16.357,15.649,13.691,11.69,4.715,4.45,5.134,5.334,5.551,6.591,8.844,12.607,19.405,22.907,21.972,16.291,1.068,1.067,1.194,1.184,1.189,6.711,10.83,12.719,11.112,8.927,7.556,3.093,1.638,1.724,2.039,2.653,9.703,13.989,15.66,15.596,14.648,8.558,2.236,2.924,3.559,3.726,4.25,11.815,14.973,7.848,3.326,2.748,2.231,1.558,8.39,12.867,13.257,13.137,9.847,7.287,6.067,5.506,5.728,6.344,7.837,12.269,13.344,16.32,15.025,6.82,1.146,1.149,1.227,1.184,1.102,0.964,0.853,0.723,0.67,0.663,0.663,13.188,10.233
18.0,0.895,1.009,1.041,1.122,1.204,1.3,1.334,3.594,6.077,5.668,3.916,1.89,3.403,10.736,13.116,13.553,13.176,12.67,9.49,7.087,7.997,9.832,6.978,3.831,2.014,1.58,1.981,2.68,3.137,4.407,5.473,7.907,6.809,7.278,6.331,5.128,4.48,3.515,4.355,5.545,5.954,5.863,6.057,10.226,13.619,21.227,23.234,23.27,24.698,24.373,28.678,29.168,30.272,30.46,32.523,32.578,31.039,28.211,25.388,23.801,21.38,16.485,9.332,12.346,13.128,12.842,9.394,9.057,8.52,8.922,11.282,13.352,16.741,25.743,31.249,35.102,37.151,32.537,32.15,31.593,32.878,34.255,33.026,29.235,26.846,24.44,19.677,9.565,7.975,8.918,10.391,11.899,7.675,3.443,1.737,1.666,1.592,4.684,8.356,13.517,16.48,22.98,20.597,11.493,1.258,1.413,1.786,2.207,3.07,9.075,16.216,15.924,14.957,15.787,17.007,18.573,18.909,24.927,26.836,30.165,33.469,36.081,37.3,33.889,35.771,37.157,36.71,32.219,28.642,26.282,25.857,24.81,23.135,20.118,21.145,21.549,21.368,20.497,18.763,19.681,21.896,25.383,28.481,30.053,29.343,30.695,31.765,32.28,30.953,28.466,27.27,26.965,26.888,22.666,17.897,16.105,16.182,18.103,19.097,18.244,17.065,14.927,9.44,1.507,1.787,2.114,3.058,5.166,6.454,10.174,23.933,31.413,29.196,39.854,12.949,12.032,12.135,11.872,11.31,10.357,7.943,22.302,23.735,3.416,2.419,3.247,2.681,3.989,10.862,30.476,31.299,53.095,32.561,26.124,13.728,17.242,8.675,10.761,10.887,11.703,11.403,11.633,10.9,11.321,11.37,13.517,15.234,13.497,9.357,1.812,1.323,1.151,1.947,4.778,12.297,16.533,18.373,19.674,20.574,18.864,17.426,16.863,16.322,16.091,16.181,17.609,17.927,17.211,17.428,14.715,12.475,12.652,11.133,10.491,11.005,11.78,10.646,11.359,11.823,12.007,11.27,9.94,8.906,11.627,18.01,34.416,48.624,45.938,33.459,5.387,4.629,2.676,3.09,3.174,3.232,3.759,3.364,23.63,23.355,14.497,3.314,3.939,6.736,7.794,9.21,7.531,28.897,16.196,33.208,30.357,17.632,8.676,11.688,13.264,13.798,13.81,13.369,15.27,15.909,16.131,15.837,17.709,16.897,15.605,14.671,13.814,12.251,10.022,4.077,1.731,1.757,2.278,4.723,11.151,14.099,15.507,15.284,15.953,15.615,13.734,12.168,6.952,5.342,5.738,5.78,5.703,6.694,9.817,13.69,20.86,22.594,22.345,17.475,6.306,1.129,1.285,1.454,1.393,8.606,11.288,12.74,11.177,9.261,7.673,4.698,1.998,2.01,2.152,3.662,9.96,14.555,15.69,15.824,15.033,10.072,2.301,3.16,3.51,3.667,4.115,13.112,15.943,11.218,3.165,3.048,2.305,1.864,9.013,13.224,13.5,13.308,10.588,7.846,6.216,5.727,5.688,6.314,8.954,12.371,13.942,16.803,14.896,10.775,1.268,1.276,1.304,1.261,1.693,1.029,0.894,0.761,0.722,0.748,0.687,13.886,10.201
19.0,0.892,1.032,1.103,1.203,1.277,3.457,1.412,4.962,6.403,5.986,4.439,2.658,5.079,11.379,13.807,14.027,12.972,12.718,10.355,7.91,8.652,10.214,7.434,4.374,2.563,1.951,2.49,2.694,3.322,4.611,5.828,7.953,6.935,7.183,6.324,5.171,4.711,4.278,4.85,5.727,5.974,5.94,6.616,10.928,15.161,21.331,23.273,24.404,25.998,25.378,29.125,29.809,30.099,30.507,32.657,32.531,30.77,28.315,25.457,23.786,21.469,17.289,11.946,13.68,13.85,12.865,10.006,9.282,9.043,10.324,12.544,14.526,20.208,26.283,30.744,34.685,36.157,32.199,31.286,30.931,32.263,33.407,32.145,28.586,26.503,24.668,20.995,13.848,9.002,9.758,11.048,12.296,8.279,4.291,1.927,1.825,1.86,5.407,9.451,14.022,18.827,23.412,20.689,14.106,2.539,1.58,1.914,2.654,4.521,11.511,18.104,18.375,15.241,16.27,17.42,19.424,20.091,26.212,28.486,31.005,33.699,35.696,36.554,33.324,35.216,36.348,35.925,31.924,27.914,26.175,25.811,25.251,24.793,22.612,22.075,21.632,21.563,20.698,19.622,20.292,22.902,26.069,28.655,29.315,29.285,30.393,31.883,32.039,30.527,28.165,27.384,26.982,27.471,23.75,19.051,15.954,16.094,17.943,18.846,18.353,17.266,15.203,10.131,1.608,1.899,2.292,3.791,5.332,7.33,15.203,26.519,32.727,31.384,39.632,18.051,12.045,12.34,12.048,11.518,10.357,11.607,26.817,28.726,3.632,2.586,3.526,3.002,4.346,17.268,33.806,32.632,53.094,33.721,27.731,20.706,22.227,10.892,11.205,10.87,11.63,11.655,11.423,11.054,11.329,11.277,14.363,16.655,14.9,10.439,2.015,1.568,1.26,3.003,6.245,13.379,16.783,18.412,19.632,20.839,19.247,17.477,16.775,16.31,16.025,16.455,17.944,18.397,18.137,18.136,15.781,12.545,12.648,11.421,11.136,11.579,11.756,10.8,11.458,11.995,12.195,11.501,10.445,9.403,18.433,20.311,36.087,48.847,46.244,34.508,8.323,5.671,3.259,3.147,3.119,3.192,3.671,3.294,35.773,28.869,19.113,6.991,5.252,7.09,7.868,9.401,9.356,32.215,20.892,33.821,31.848,20.091,14.307,12.453,13.654,14.087,13.962,13.876,15.685,16.249,17.005,17.292,18.281,17.376,15.962,15.089,13.988,12.452,10.668,5.486,2.832,2.149,2.303,7.078,11.764,14.553,15.468,15.457,15.617,15.368,13.73,12.465,8.511,5.842,5.961,5.972,6.131,6.955,10.903,14.368,21.173,22.776,22.054,18.175,8.846,1.333,1.475,1.61,2.653,9.47,11.909,12.481,11.743,9.862,7.919,5.625,2.449,2.269,2.525,4.609,10.488,15.047,15.77,15.824,15.573,12.629,2.337,3.203,3.432,3.579,4.057,14.466,16.893,12.834,3.066,3.014,2.347,4.51,9.93,13.78,13.793,13.446,11.254,8.681,6.59,6.136,5.832,6.347,9.717,12.193,14.235,17.428,16.15,12.449,1.33,1.313,1.338,1.727,1.707,1.101,0.942,0.828,0.778,0.764,0.732,14.601,10.231
20.0,0.916,1.051,1.147,1.245,3.399,6.058,1.447,5.491,6.359,6.111,4.803,3.208,7.305,11.689,14.625,14.81,13.261,12.851,11.351,8.906,8.998,10.652,7.905,5.1,3.542,2.623,2.716,2.765,3.668,4.804,6.262,7.888,7.076,7.043,6.297,5.326,4.888,4.767,5.162,5.747,5.926,6.144,7.346,11.619,16.864,21.913,24.252,25.445,26.754,26.392,29.476,29.802,29.83,30.743,32.73,32.402,31.011,28.78,25.436,24.134,21.572,18.63,13.889,15.053,15.902,12.88,10.207,9.406,9.407,12.423,14.434,16.398,22.285,26.722,30.865,34.358,35.547,31.735,30.37,30.377,31.481,32.501,31.274,28.288,26.142,24.808,22.502,16.551,10.388,10.563,11.778,12.779,9.259,5.08,2.376,2.006,2.989,6.083,9.861,14.491,20.143,24.01,21.413,15.935,5.849,1.715,2.096,2.833,5.897,14.91,18.933,19.297,15.939,16.668,18.079,19.885,22.385,27.487,29.892,31.64,33.957,35.205,35.616,32.471,34.333,35.733,35.309,31.38,27.564,26.269,26.045,25.599,26.025,23.825,22.934,21.791,21.669,21.21,20.66,21.446,24.233,27.087,29.12,28.57,28.947,30.057,31.66,31.721,29.923,28.207,27.849,27.459,27.957,24.683,19.576,16.091,16.441,18.321,18.906,18.47,17.249,15.422,10.99,1.722,2.068,2.47,4.595,5.589,8.592,18.806,28.864,34.524,33.136,39.4,21.691,12.356,12.413,12.15,11.611,10.553,15.467,32.265,34.429,4.181,2.724,3.684,3.201,4.764,22.331,36.301,35.172,52.797,36.058,29.262,24.339,26.404,16.098,11.379,10.887,11.509,11.88,11.344,11.151,11.337,11.311,14.687,18.708,16.891,11.545,2.298,1.642,1.978,5.388,8.637,14.587,17.291,18.553,19.949,21.036,19.687,17.649,16.586,16.367,16.065,16.825,18.15,19.208,19.333,18.7,17.023,12.548,12.612,11.743,11.749,11.757,11.778,10.838,11.631,12.067,12.371,11.779,11.088,11.021,21.105,22.396,37.325,48.593,46.691,37.817,13.72,5.935,3.971,3.187,3.082,3.178,3.56,3.235,42.253,37.299,22.91,10.701,5.92,7.501,7.993,9.505,17.141,34.227,26.055,35.087,33.108,24.19,15.314,13.021,13.881,14.316,14.269,14.519,15.931,16.788,17.49,18.637,18.78,17.74,16.229,15.636,14.337,12.792,10.963,7.551,3.717,2.294,2.454,8.516,12.385,14.761,15.358,15.633,15.407,15.28,13.956,12.634,10.046,5.914,6.057,6.118,6.418,7.587,11.963,15.57,21.157,22.403,22.246,18.611,10.414,1.445,1.648,1.765,4.619,10.308,12.321,13.595,12.238,10.527,8.273,6.536,2.994,2.63,2.896,6.194,11.227,15.243,15.909,16.007,15.918,13.739,4.219,3.211,3.365,5.139,4.006,16.396,18.348,13.691,4.088,3.027,2.431,6.504,11.072,14.148,14.085,13.528,11.796,9.702,7.325,6.669,6.219,6.373,10.07,12.299,15.148,17.771,16.924,13.25,1.364,1.339,1.357,2.359,2.566,1.173,1.011,0.857,0.781,0.775,0.785,15.346,10.342
22.0,1.047,1.115,1.204,1.317,7.743,9.679,6.011,6.0,6.414,6.282,5.569,4.392,8.524,13.292,15.446,15.698,14.015,12.773,11.731,10.459,9.795,11.717,9.294,6.899,5.404,4.852,3.946,3.389,4.129,4.953,6.498,7.659,7.133,6.855,6.343,5.806,5.413,5.781,5.903,5.844,5.988,6.606,9.64,14.099,20.263,23.503,24.94,27.243,28.135,27.748,29.659,29.687,29.128,31.461,32.878,32.479,31.106,29.283,27.382,25.216,23.172,21.377,19.306,18.024,17.132,14.909,10.31,10.677,13.376,16.103,16.792,19.443,23.599,27.804,30.514,32.775,34.093,30.461,28.581,28.584,30.388,31.262,30.416,28.193,26.231,25.251,23.356,19.746,13.496,12.292,12.811,13.511,10.75,6.545,4.223,3.598,4.865,7.383,11.742,15.665,22.389,24.647,22.614,18.293,10.532,2.058,2.589,4.069,10.362,17.624,20.142,20.946,18.921,17.223,18.904,23.695,27.934,29.674,30.856,32.547,33.817,34.018,33.519,31.29,32.572,34.169,33.709,30.483,27.224,26.448,26.704,26.886,28.37,27.097,25.613,23.074,21.854,22.237,22.557,24.094,26.81,28.13,29.455,28.498,28.054,29.69,31.022,31.213,29.54,29.233,28.834,28.692,28.676,27.046,21.245,17.771,17.145,19.051,19.193,18.543,17.656,16.313,13.814,7.631,3.392,4.492,5.638,6.516,12.574,25.245,32.393,36.769,35.99,40.071,25.674,16.714,12.701,12.312,11.699,11.772,26.367,37.334,40.152,8.742,3.316,4.069,3.962,5.235,29.797,39.668,38.994,52.394,40.27,35.237,27.809,30.633,24.848,13.625,11.175,11.327,11.737,11.333,11.223,11.363,12.486,18.201,22.302,20.276,14.827,9.368,2.43,5.647,8.284,12.037,16.255,18.242,19.477,20.502,21.79,20.764,18.525,16.791,16.296,16.856,17.307,18.691,20.893,21.745,20.788,18.297,13.982,12.686,12.462,12.542,12.392,11.779,11.047,12.899,12.164,12.828,12.678,12.128,15.014,25.711,26.158,39.57,48.329,47.116,42.557,22.166,6.774,5.724,3.469,3.132,3.071,3.344,11.792,48.44,45.535,29.108,20.382,11.352,7.959,15.742,17.448,28.019,38.316,30.457,36.903,34.894,28.712,17.533,13.936,14.231,14.453,14.717,15.5,16.715,18.022,18.954,19.656,19.453,18.34,16.882,16.281,15.296,13.486,12.072,9.965,7.514,5.3,6.873,10.876,13.036,14.906,14.907,15.441,15.072,15.204,14.622,13.256,11.482,8.245,6.419,6.655,7.582,10.698,13.771,18.434,21.869,22.553,22.26,19.988,14.218,8.324,4.502,5.783,8.462,12.089,14.958,17.708,14.989,11.921,9.161,7.36,4.689,3.086,3.821,7.962,12.672,15.938,16.469,16.371,16.316,15.343,11.478,3.115,3.219,10.14,7.058,18.551,19.459,15.865,10.916,3.896,4.882,8.367,13.158,14.897,14.63,13.931,12.406,10.961,9.638,8.028,7.336,8.573,11.15,12.809,16.196,18.005,17.769,14.985,6.045,1.625,2.87,4.301,5.008,2.616,1.147,0.969,0.876,0.844,0.84,16.979,10.315
24.0,1.071,1.203,1.293,3.338,12.639,13.18,9.64,6.988,6.379,6.32,5.932,6.872,10.613,14.715,16.367,16.296,14.957,12.748,11.895,11.463,10.422,12.397,10.546,8.09,6.763,6.159,5.521,4.796,4.6,5.35,6.553,7.519,7.176,6.775,6.477,6.336,6.18,6.324,6.418,6.294,6.6,7.838,13.097,16.862,22.309,23.935,26.068,28.024,28.951,28.46,30.014,29.601,28.879,31.884,32.372,32.493,31.402,29.885,28.15,26.568,24.859,23.285,22.927,20.62,19.33,16.389,11.332,13.667,16.368,18.476,19.623,21.559,24.769,28.083,29.664,30.999,32.268,29.61,27.396,27.615,29.226,30.432,29.681,28.362,26.803,25.153,24.116,21.425,16.52,14.291,13.728,14.268,11.826,8.34,6.083,5.316,5.956,8.946,12.888,18.974,23.111,24.673,23.508,19.665,15.094,9.156,6.018,9.721,15.129,18.709,20.578,21.569,20.367,18.198,21.821,25.579,29.727,31.833,32.233,32.462,32.876,32.793,31.956,30.774,31.291,32.1,31.752,29.313,27.205,26.77,27.198,28.584,29.832,29.659,27.722,25.44,22.405,23.695,24.657,26.752,28.644,28.88,29.448,29.091,28.345,29.071,30.205,30.694,30.48,30.935,30.792,29.404,29.507,28.188,23.929,19.286,19.176,20.106,19.618,18.928,18.075,17.457,15.993,10.861,5.908,6.12,6.614,9.179,17.798,29.549,34.277,38.351,38.43,40.729,30.019,23.221,15.146,12.436,12.702,20.231,32.235,41.275,45.036,25.179,4.091,4.913,4.781,16.089,35.964,43.7,42.384,51.729,43.394,38.587,31.441,33.684,29.852,23.242,13.745,11.494,11.514,11.362,12.621,11.438,13.952,22.326,25.52,22.837,16.828,13.024,8.577,9.609,12.005,14.607,17.427,18.994,19.917,20.786,22.408,21.462,19.477,17.694,16.999,17.214,17.585,19.137,22.823,23.399,22.624,19.888,16.306,13.541,12.933,12.819,12.186,11.595,11.859,16.831,14.943,13.403,13.316,14.103,20.49,29.681,30.614,42.406,48.047,47.957,44.784,29.274,13.62,6.594,3.599,3.257,9.511,28.732,34.878,53.122,50.641,39.968,23.683,19.501,15.867,20.177,24.486,33.271,39.864,33.859,38.438,36.885,31.248,20.906,16.104,14.529,14.564,15.184,16.851,18.446,19.619,19.782,20.455,20.063,18.874,17.911,17.011,16.024,14.412,12.795,11.392,9.872,9.275,9.913,11.856,13.852,14.946,14.834,15.109,14.771,15.075,15.075,13.748,12.622,10.637,8.475,8.423,9.803,12.499,14.843,20.62,22.487,23.165,22.908,20.944,16.52,10.638,8.368,8.512,10.689,14.88,17.45,20.528,18.388,13.793,10.678,8.227,6.354,4.699,5.572,9.514,14.798,16.503,16.741,16.548,16.491,16.083,14.366,10.8,8.805,13.21,13.467,19.902,20.066,17.229,14.49,9.801,8.011,11.242,14.852,15.493,15.314,14.683,13.06,11.726,10.901,10.003,9.343,9.938,11.694,13.109,16.971,18.056,18.126,16.322,11.165,2.79,4.194,5.412,5.723,4.903,1.378,1.192,1.046,0.96,0.966,18.817,10.239
26.0,1.198,1.281,1.332,9.386,15.058,15.718,13.151,9.161,6.737,6.652,6.664,8.789,12.68,15.747,16.874,16.591,15.895,12.955,12.077,12.05,11.746,14.051,11.601,9.187,7.548,6.671,6.346,5.703,5.177,5.759,6.619,7.333,7.17,6.786,6.486,6.844,7.097,7.109,7.135,7.197,7.624,12.92,15.935,20.655,23.314,25.136,26.818,28.504,29.259,28.934,30.268,30.197,29.692,31.668,31.783,32.0,31.35,30.145,28.746,27.18,25.92,25.022,24.169,22.535,20.221,18.141,13.718,16.448,18.54,20.104,21.85,22.81,25.184,27.534,28.586,29.418,30.464,28.63,26.762,26.619,28.01,29.303,28.8,28.092,27.394,25.587,24.646,21.999,19.077,16.658,15.027,15.369,13.339,9.986,6.961,6.478,7.52,10.643,14.522,21.256,23.571,24.547,23.78,20.285,16.962,13.247,11.803,13.787,17.061,19.806,21.349,22.275,21.465,20.226,23.663,27.506,31.09,32.509,32.922,32.684,32.165,31.603,31.118,30.293,30.713,30.736,30.363,28.42,27.383,27.173,27.941,29.549,30.504,30.892,30.539,27.257,23.517,25.386,26.84,28.763,29.861,29.568,29.15,29.205,28.355,29.27,30.102,30.317,30.999,31.525,31.558,30.312,30.434,29.001,26.119,22.723,21.078,20.749,20.289,19.655,19.104,18.55,17.672,14.961,10.075,7.454,8.473,12.127,23.203,32.207,35.166,40.395,40.825,40.745,32.542,28.017,19.124,13.062,17.714,25.916,37.046,45.176,47.89,33.035,4.686,6.773,5.106,25.255,40.081,47.073,45.044,50.979,46.602,42.221,35.217,35.719,32.635,27.197,23.266,12.755,11.358,11.545,16.383,13.054,20.46,26.137,28.055,25.142,19.403,15.377,13.431,12.618,14.177,16.298,18.369,19.689,20.448,21.107,24.029,22.251,20.26,18.477,17.59,17.403,18.145,21.606,23.865,24.405,24.14,22.229,17.926,14.548,12.708,12.54,12.157,11.665,21.124,26.202,17.809,14.551,14.924,16.293,24.799,32.258,34.592,44.115,47.439,48.377,45.846,36.329,20.928,14.567,12.447,14.423,22.97,39.964,42.079,55.256,53.26,45.265,30.27,22.436,20.386,25.522,29.935,38.002,40.809,36.364,39.281,38.297,33.135,24.891,17.847,14.981,14.822,16.011,18.021,20.106,20.735,20.831,20.929,20.318,18.954,18.326,17.901,17.873,15.267,13.724,12.277,11.478,10.632,11.316,12.825,14.306,14.854,14.66,14.779,14.642,15.019,15.216,14.442,13.332,12.183,10.911,10.542,11.777,13.65,16.776,21.415,23.108,23.754,23.397,21.646,18.646,14.246,10.78,11.672,14.099,17.469,19.525,21.585,20.872,16.363,12.273,9.121,7.485,6.834,8.344,11.467,16.058,16.94,17.01,17.061,16.865,16.489,15.727,14.15,12.87,16.363,17.801,20.311,20.28,18.07,16.188,13.66,12.136,14.423,15.802,16.194,15.755,15.508,13.914,12.39,11.554,11.235,10.757,11.065,12.054,14.411,17.363,18.105,18.38,17.342,12.722,4.352,5.161,5.877,6.206,5.897,3.656,3.345,1.223,1.137,1.044,20.474,10.22
28.0,1.255,1.341,1.413,13.209,16.787,17.745,15.973,11.915,9.005,8.324,8.5,10.649,13.852,16.677,17.095,16.92,16.3,13.897,12.392,12.545,12.701,16.186,12.616,10.262,8.481,7.131,6.726,6.446,6.121,6.158,6.695,7.733,7.03,7.761,7.756,7.989,8.05,8.21,8.411,8.418,12.322,15.495,18.552,22.57,24.418,26.013,27.414,28.46,29.51,29.337,30.561,30.483,30.984,31.376,31.155,31.164,31.0,30.057,28.957,27.92,26.975,26.143,25.123,23.964,22.036,19.815,16.348,18.635,20.553,21.648,22.671,23.691,24.91,26.955,27.704,28.184,28.888,27.874,26.362,26.191,26.911,28.005,28.013,27.84,27.626,25.865,24.598,22.671,20.427,18.838,16.866,16.266,14.874,11.417,8.24,7.677,9.045,12.108,16.194,22.246,24.004,24.308,23.843,21.286,18.622,16.105,15.193,16.288,18.658,20.513,22.017,22.71,21.949,22.215,25.002,29.338,31.664,32.909,33.058,32.617,31.579,30.905,30.059,29.676,29.781,29.79,29.04,27.849,27.119,27.135,27.69,29.479,30.754,31.732,31.786,29.501,25.173,27.085,29.122,30.235,30.738,30.143,28.813,29.395,28.958,29.472,30.027,30.454,31.247,31.856,32.107,31.5,31.045,30.018,27.914,25.021,22.756,21.454,20.739,20.267,20.847,20.13,19.081,17.114,14.125,11.732,11.91,15.658,27.342,33.744,36.029,42.083,42.752,41.045,34.355,31.764,24.589,18.882,22.981,31.8,41.448,46.672,49.117,38.996,24.258,9.902,10.228,32.061,43.798,49.012,46.889,50.082,48.568,45.301,39.308,36.743,35.917,31.219,26.641,18.078,11.957,13.34,25.306,18.554,24.809,29.345,30.734,28.045,21.688,17.023,16.085,15.558,15.992,17.72,19.275,20.021,21.261,22.338,26.917,23.657,20.771,18.994,18.03,17.818,18.687,23.355,25.232,25.828,25.507,24.1,20.627,16.766,12.402,12.258,11.804,11.531,25.916,29.358,27.11,17.533,16.601,18.735,28.343,34.932,36.746,45.248,47.123,47.425,46.968,40.586,27.257,21.662,20.62,22.112,36.946,48.257,49.461,55.963,54.417,48.891,35.752,27.214,24.074,30.998,34.091,39.681,41.624,38.084,40.034,39.61,35.103,28.629,19.276,17.017,15.8,17.306,19.209,21.259,22.429,22.728,22.076,20.52,19.11,18.758,19.619,19.579,16.088,14.6,13.369,12.349,11.896,12.309,13.435,14.577,14.84,15.713,14.622,14.998,15.388,15.81,15.166,14.003,13.128,12.458,12.462,13.22,14.649,19.204,21.75,23.652,24.398,24.169,22.594,19.967,16.756,14.422,14.563,16.441,19.055,21.076,22.606,22.103,19.602,13.814,10.783,8.942,8.816,10.205,13.81,16.76,17.225,17.379,17.457,17.34,16.843,16.369,15.898,15.728,17.99,19.42,20.239,20.177,18.901,17.051,15.726,14.888,15.517,16.258,16.605,16.564,16.209,15.7,14.178,12.12,11.772,11.549,11.559,12.28,15.762,17.512,18.145,18.517,18.134,15.294,10.08,5.729,6.165,6.344,6.629,7.842,8.687,4.512,1.243,1.174,22.062,10.198
30.0,1.338,1.414,5.721,15.213,18.258,19.064,17.808,14.663,11.608,10.15,10.556,12.322,15.163,17.093,17.404,17.378,16.726,15.418,12.841,13.113,14.745,18.08,15.095,12.414,9.556,8.033,7.277,7.11,7.035,6.919,6.94,9.058,6.888,9.07,9.256,9.865,9.04,9.293,9.508,9.83,13.79,17.266,20.88,23.525,24.951,26.581,27.841,28.37,29.29,29.548,30.585,30.512,31.406,31.197,30.707,30.363,30.561,30.063,29.17,28.203,27.168,26.435,25.946,24.869,23.574,21.148,18.037,19.854,21.354,22.143,23.068,23.492,24.419,25.954,27.029,27.241,27.57,27.356,26.282,25.873,26.049,27.108,27.389,28.052,27.793,26.165,24.259,23.059,21.397,20.437,18.219,17.128,16.323,13.323,10.367,8.951,10.373,13.633,19.335,23.128,23.696,24.133,23.922,22.205,19.429,17.786,17.053,17.979,19.782,21.383,22.85,23.353,22.67,23.241,25.818,29.786,31.728,32.809,32.843,32.435,31.277,30.388,29.339,29.069,29.271,29.342,28.404,27.393,26.945,26.903,27.453,29.016,30.719,32.206,32.344,31.152,26.752,28.733,30.257,31.379,31.556,30.541,29.284,29.527,29.08,29.561,29.951,30.659,31.549,32.007,32.355,32.383,31.767,30.738,28.868,26.904,24.538,22.653,21.148,21.605,22.302,21.592,19.986,18.613,16.405,14.845,14.742,20.756,30.465,34.375,36.7,43.361,43.699,41.464,35.839,34.102,28.386,23.18,26.272,35.951,44.23,48.614,50.639,43.408,32.921,23.418,24.76,37.674,47.219,49.68,47.984,49.081,49.515,47.361,41.547,38.457,38.546,34.552,32.502,23.093,12.49,17.853,29.476,25.03,28.718,31.697,32.264,30.688,24.496,19.218,17.731,17.536,17.851,19.013,19.944,21.608,22.861,23.704,28.548,25.175,22.029,19.603,18.651,18.416,20.055,23.767,26.263,27.116,27.222,25.988,23.639,19.809,12.494,12.099,11.787,11.613,30.411,33.428,29.635,21.771,18.885,23.695,30.765,37.374,40.049,45.447,46.668,46.698,47.005,43.395,33.488,25.828,25.224,32.335,43.657,52.937,52.233,56.01,54.371,50.791,42.206,32.192,29.523,35.711,37.596,41.191,42.14,39.315,40.963,40.145,37.153,30.94,22.55,19.87,18.256,18.65,20.718,22.941,23.92,24.193,23.495,21.284,19.625,19.484,21.243,20.632,16.861,15.308,14.1,13.188,12.759,13.055,14.002,14.76,14.89,18.931,14.562,15.662,16.093,16.658,15.887,14.831,14.009,13.613,13.559,14.291,16.768,20.466,22.329,24.112,24.987,24.516,23.193,20.935,18.633,16.759,16.946,18.254,20.372,21.838,22.988,22.918,21.363,15.94,12.345,10.479,10.155,11.662,15.645,17.32,17.492,17.735,17.711,17.659,17.264,16.804,16.677,17.022,19.057,20.232,20.166,19.772,19.15,17.645,16.323,15.887,16.225,16.893,17.102,17.146,16.972,17.433,16.011,13.862,12.388,12.239,12.123,13.38,16.617,17.712,18.162,18.468,18.394,16.441,12.328,7.773,6.708,7.147,7.802,10.758,12.25,11.3,3.366,1.245,23.449,10.188
32.0,1.385,1.448,12.063,16.922,19.159,19.82,19.064,16.865,13.488,12.258,12.006,13.537,16.149,17.346,17.654,17.626,17.221,16.156,13.718,13.786,16.705,20.484,18.5,14.766,11.786,9.306,8.145,7.809,7.88,7.525,7.977,9.83,7.059,10.116,10.714,11.488,10.663,10.504,10.602,13.15,16.188,19.562,22.64,24.222,25.542,27.27,27.945,28.512,29.046,29.509,30.502,30.452,31.334,30.963,30.153,29.711,29.934,29.814,29.192,28.682,27.831,27.33,26.475,25.706,24.779,22.656,18.929,20.309,21.468,22.576,23.17,23.588,24.074,25.013,26.878,26.909,27.129,26.759,25.982,25.513,25.352,26.044,27.272,27.649,27.621,26.667,24.083,23.261,22.479,21.499,20.341,18.035,17.725,15.301,12.101,10.883,12.054,15.07,20.922,23.166,23.53,23.995,23.822,22.909,20.665,18.946,18.214,19.197,20.537,22.424,23.635,24.0,23.148,24.244,26.702,29.782,31.765,32.549,32.422,32.113,30.941,29.838,28.779,28.592,28.826,28.846,28.194,27.224,26.925,26.76,27.218,28.601,30.658,32.188,32.539,32.005,27.878,29.454,31.245,31.682,31.847,31.161,30.245,29.654,29.268,29.719,30.079,30.912,31.458,32.044,32.539,32.811,32.359,31.377,30.009,28.265,26.063,23.936,22.074,22.977,24.267,23.433,20.992,19.531,18.164,16.809,16.81,24.406,32.318,35.152,37.4,44.071,44.241,41.98,37.04,35.747,32.391,27.174,31.653,40.38,47.056,49.983,51.037,45.48,39.557,31.232,31.3,41.594,48.78,49.944,48.195,48.359,49.618,48.555,43.934,40.275,40.877,37.842,36.531,26.035,12.937,23.727,32.968,29.123,31.839,33.343,33.222,31.741,27.795,21.44,18.769,18.56,19.061,19.981,22.058,23.648,24.494,25.796,30.087,26.797,23.467,20.763,19.317,19.295,22.206,24.793,27.434,28.637,28.465,27.458,25.441,23.6,13.313,11.982,11.744,13.771,33.498,35.777,33.082,25.517,25.532,27.292,33.37,39.772,42.688,45.781,46.404,46.056,46.14,45.249,38.49,30.949,31.462,40.875,48.908,54.856,53.975,55.494,53.927,51.766,45.991,37.214,34.692,39.743,40.061,42.148,43.345,40.159,41.788,41.298,38.454,33.277,26.996,21.356,20.348,20.6,22.733,24.236,25.186,25.568,24.707,22.698,20.289,20.718,22.742,21.569,18.697,15.866,14.723,14.017,13.539,13.739,14.457,14.994,15.41,21.034,14.516,17.29,16.739,17.271,16.642,15.549,14.863,14.469,14.52,15.946,19.287,20.933,22.953,24.701,25.246,24.597,23.699,22.035,19.853,18.492,18.391,19.291,21.364,22.484,23.038,23.164,22.678,19.175,14.539,12.103,11.736,13.698,16.906,17.607,17.809,17.926,17.852,17.882,17.782,17.524,17.593,18.265,19.43,20.508,19.914,19.619,19.18,18.354,16.858,16.509,16.647,17.326,17.549,17.593,17.69,19.101,17.798,15.948,13.387,12.878,12.793,14.615,16.957,17.857,18.077,18.33,18.541,17.688,14.444,11.404,8.346,8.544,10.452,13.677,15.371,14.345,8.496,1.311,24.686,10.196
34.0,2.031,3.188,13.706,18.558,19.841,20.072,19.645,18.119,15.821,13.853,13.716,14.934,16.714,17.631,17.841,17.794,17.531,16.686,15.073,15.258,17.569,21.699,20.732,17.085,14.163,10.371,9.305,8.888,8.661,8.579,9.623,10.916,8.004,11.026,11.876,12.378,12.257,11.644,11.568,14.774,18.522,21.83,23.777,24.909,26.307,27.237,27.909,28.486,28.841,29.446,30.237,30.591,31.272,30.702,29.833,29.333,29.317,29.604,29.248,28.758,28.169,27.434,26.724,26.379,25.491,23.68,20.445,21.348,21.816,22.845,23.353,23.527,23.826,24.418,26.618,26.366,26.956,26.552,25.784,25.191,25.137,25.589,26.799,27.259,27.188,26.726,24.471,23.166,22.901,22.512,21.543,18.73,18.664,17.474,13.853,12.619,13.876,17.65,21.721,23.044,23.561,23.901,23.877,23.118,21.666,20.057,19.727,20.241,21.634,23.206,24.364,24.656,24.024,25.131,27.325,29.558,31.606,31.939,31.881,31.628,30.518,29.337,28.26,28.215,28.401,28.268,28.062,27.312,27.037,26.955,27.254,28.454,30.687,31.844,32.463,32.454,29.667,30.325,31.541,31.978,32.256,31.686,30.886,30.02,29.435,29.655,30.301,30.861,31.281,32.001,32.461,33.053,33.063,32.067,31.04,29.636,27.788,25.258,24.113,25.145,26.128,25.374,22.329,20.338,19.206,18.16,20.501,28.266,33.033,35.754,38.27,44.087,44.298,42.215,37.935,37.639,34.877,31.704,36.619,43.937,48.648,50.197,51.044,47.68,44.176,35.907,36.59,45.432,49.648,49.549,47.663,47.503,49.33,48.491,45.411,41.688,42.803,40.088,40.323,31.639,14.784,28.511,34.852,32.266,33.332,34.564,34.212,32.702,30.326,23.726,19.76,19.459,19.893,22.193,23.878,25.493,26.533,27.593,31.088,28.306,24.664,22.401,20.482,20.484,23.218,25.882,28.626,30.197,30.057,28.979,27.507,25.49,15.091,12.062,11.729,22.621,37.242,38.186,34.665,29.094,28.606,30.636,36.017,41.359,44.402,45.761,45.828,45.856,45.798,46.294,42.929,36.773,38.496,45.395,51.326,55.594,54.222,54.624,53.244,51.685,47.899,42.922,39.062,42.162,41.504,42.907,43.823,40.969,42.455,41.812,39.505,35.169,28.993,24.946,22.328,22.817,24.543,25.455,26.395,26.581,25.811,23.904,21.839,22.449,23.531,22.644,19.97,16.395,15.195,14.556,14.237,14.342,14.798,15.74,16.852,21.949,16.157,19.814,17.844,17.856,17.466,16.222,16.021,15.738,16.475,18.459,20.242,21.461,23.379,25.463,25.665,24.993,24.135,22.581,21.047,19.883,19.75,20.667,21.994,22.814,23.26,23.323,23.165,21.048,16.459,14.1,13.704,15.922,17.471,17.953,18.242,18.162,18.017,17.942,18.071,18.062,18.205,18.793,19.517,20.668,19.659,19.401,19.089,18.778,17.571,16.733,17.073,17.695,18.041,18.093,18.201,20.65,19.676,17.667,15.398,13.518,13.98,16.037,17.569,17.967,18.058,18.141,18.478,18.196,15.943,13.318,11.835,11.294,13.676,16.357,17.452,16.433,12.536,3.294,25.779,10.131
36.0,3.94,8.667,16.3,19.175,20.063,19.809,19.599,18.939,17.092,15.737,15.018,15.934,17.311,17.822,17.919,17.866,17.699,17.175,16.343,17.462,19.191,23.028,22.462,20.09,16.607,13.832,10.478,9.864,9.381,10.435,10.733,11.946,9.419,12.337,12.672,13.221,13.157,12.221,13.863,17.109,20.914,23.126,24.396,25.452,26.647,27.252,27.695,28.326,28.815,29.26,29.689,30.454,31.265,30.463,29.518,29.013,28.957,29.224,29.149,28.73,28.251,27.754,27.143,26.831,26.263,24.519,21.369,22.258,22.687,23.143,23.428,23.52,23.606,24.306,26.32,26.026,26.901,26.823,25.651,25.103,25.203,25.83,26.435,26.871,26.818,26.38,25.051,23.119,23.112,22.951,22.289,19.861,19.824,18.934,16.096,14.812,15.853,19.753,22.548,23.163,23.532,23.801,23.81,23.311,22.361,21.101,20.595,21.194,22.589,23.875,24.741,25.276,25.227,26.018,27.732,29.325,31.035,31.388,31.346,31.028,29.782,28.722,28.088,27.955,27.874,27.844,27.689,27.405,27.178,27.042,27.217,28.472,30.278,31.467,32.147,32.653,31.285,31.647,31.975,32.31,32.395,32.28,31.205,30.232,29.36,29.703,30.202,30.39,30.974,31.563,32.062,32.841,33.564,32.732,31.612,30.563,28.976,26.841,26.404,27.446,27.969,27.206,24.252,21.41,20.166,20.297,24.206,31.052,34.099,36.536,39.767,44.085,44.308,42.073,38.539,38.778,37.383,36.202,39.825,46.029,49.081,50.18,50.889,49.286,45.83,40.939,40.963,47.47,49.89,49.137,46.781,46.661,48.724,47.909,46.201,42.525,44.429,42.243,43.139,35.952,21.375,31.912,36.306,33.86,35.027,35.609,35.123,33.571,31.493,26.721,21.613,20.209,21.725,23.345,25.543,27.481,28.322,29.313,31.251,29.223,25.897,23.569,22.067,22.425,24.461,27.189,29.943,31.264,31.252,30.298,28.994,28.276,19.18,14.391,14.378,26.953,39.642,39.122,36.507,30.838,30.882,33.141,38.213,42.956,44.904,45.572,45.264,45.686,45.515,46.255,45.264,43.397,43.987,48.881,52.276,55.363,53.87,53.595,52.598,51.578,49.241,45.542,43.373,44.323,42.599,43.847,43.843,41.669,42.865,42.751,40.532,36.53,30.703,27.229,24.78,24.56,25.736,26.656,27.493,27.87,26.843,25.166,23.998,23.989,24.436,23.642,21.026,18.253,15.625,15.021,14.746,14.787,15.099,16.629,20.078,23.871,18.375,21.407,20.226,18.714,18.308,17.993,17.948,18.1,18.849,19.814,20.728,22.053,23.863,25.756,25.756,25.256,24.139,23.121,21.861,20.735,20.745,21.329,22.458,22.893,23.498,23.33,23.13,22.237,18.518,16.316,16.005,17.508,18.282,18.615,18.78,18.388,18.123,18.112,18.221,18.408,18.659,19.132,19.548,20.401,19.398,19.167,18.941,18.867,17.944,17.383,17.81,18.123,18.3,18.5,19.262,21.687,20.573,19.162,16.918,15.143,15.36,16.653,17.655,17.936,17.966,18.07,18.25,18.286,17.069,15.228,13.751,14.239,16.14,18.072,18.623,17.961,15.603,6.597,26.753,9.954
38.0,5.69,13.055,17.946,19.633,19.928,19.554,19.366,19.105,17.881,16.721,16.152,16.916,17.622,17.828,17.894,17.94,17.956,17.656,17.671,18.999,20.51,24.054,23.509,21.761,18.933,16.263,13.222,10.802,10.544,11.726,12.049,13.421,10.608,13.5,13.538,13.852,13.732,13.103,15.925,20.075,22.484,24.13,25.131,26.095,26.881,27.089,27.549,28.106,28.571,28.987,29.216,30.14,31.384,30.27,29.222,28.731,28.691,28.851,28.965,28.726,28.252,27.641,27.471,27.262,26.292,25.124,22.602,23.243,23.665,23.84,23.782,23.681,23.782,24.605,25.916,25.823,26.866,26.964,25.722,25.224,25.494,25.911,26.262,26.646,26.507,26.1,25.228,23.501,23.1,23.181,22.817,21.038,20.932,20.703,18.518,17.033,18.67,21.192,22.829,23.331,23.53,23.873,23.972,23.536,22.899,22.045,21.785,22.294,23.415,24.311,25.273,25.925,26.124,26.887,27.989,29.545,30.462,30.62,30.485,30.115,29.06,28.222,27.7,27.452,27.479,27.357,27.246,27.344,27.168,27.16,27.463,28.631,29.942,30.827,31.819,32.352,32.868,32.5,32.798,32.866,33.149,32.617,31.349,30.299,29.423,29.746,29.944,29.976,30.573,30.949,31.58,32.568,33.596,33.451,32.112,31.098,29.891,28.522,28.828,29.477,29.437,29.035,26.929,23.109,21.873,23.025,28.03,32.529,34.963,37.835,40.583,43.759,43.98,41.984,39.587,39.985,39.663,38.56,42.905,47.324,49.109,49.823,50.38,50.091,47.916,44.115,45.382,49.169,49.48,48.358,45.837,45.873,47.903,47.245,45.827,42.931,45.075,43.692,44.908,38.313,24.614,34.412,38.245,35.317,36.256,36.54,35.88,34.262,32.547,29.57,23.682,21.66,22.814,24.577,27.134,29.4,30.863,31.389,31.547,29.638,27.389,24.937,23.614,24.302,25.859,28.673,31.199,32.1,32.213,31.461,30.363,29.73,23.551,20.116,22.829,30.955,40.503,39.9,37.47,31.67,32.82,35.106,39.778,43.751,45.253,45.377,44.627,45.276,45.475,46.077,46.447,46.097,46.882,50.023,52.649,54.645,53.106,52.336,51.305,50.95,49.569,47.015,45.343,45.062,43.872,43.839,43.932,42.017,42.927,42.948,41.406,37.245,32.222,29.03,27.096,26.162,26.76,27.617,28.941,28.972,27.936,26.962,26.116,25.271,25.552,24.287,21.948,19.545,16.731,15.495,15.15,15.136,15.93,18.041,21.364,26.58,20.423,23.01,21.88,20.587,19.724,19.985,19.504,19.616,19.883,20.397,21.068,22.606,24.957,25.974,25.896,25.365,24.377,23.608,22.399,21.538,21.54,21.962,22.718,23.165,23.625,23.465,23.22,22.941,20.618,18.123,18.288,18.594,19.065,19.459,18.959,18.491,18.292,18.216,18.299,18.534,18.814,19.166,19.492,20.038,19.065,18.941,18.92,18.833,18.502,18.083,18.215,18.458,18.47,18.894,20.317,22.254,21.371,20.647,19.168,17.157,16.486,17.314,17.799,17.91,17.978,17.994,18.085,18.348,17.84,16.659,15.616,16.105,17.855,19.325,19.566,18.868,17.06,12.191,27.569,9.704
40.0,41.748,41.748,41.748,41.748,41.748,41.748,41.748,41.748,41.748,41.748,41.748,41.748,41.748,41.748,41.748,41.748,41.748,41.748,41.748,41.748,41.748,41.748,41.748,41.748,41.748,41.748,41.748,41.748,41.748,41.748,41.748,41.748,41.748,41.748,41.748,41.748,41.748,41.748,41.748,41.748,41.748,41.748,41.748,41.748,41.748,41.748,41.748,41.748,41.748,41.748,41.748,41.748,41.748,41.748,41.748,41.748,41.748,41.748,41.748,41.748,41.748,41.748,41.748,41.748,41.748,41.748,41.748,41.748,41.748,41.748,41.748,41.748,41.748,41.748,41.748,41.748,41.748,41.748,41.748,41.748,41.748,41.748,41.748,41.748,41.748,41.748,41.748,41.748,41.748,41.748,41.748,41.748,41.748,41.748,41.748,41.748,41.748,41.748,41.748,41.748,41.748,41.748,41.748,41.748,41.748,41.748,41.748,41.748,41.748,41.748,41.748,41.748,41.748,41.748,41.748,41.748,41.748,41.748,41.748,41.748,41.748,41.748,41.748,41.748,41.748,41.748,41.748,41.748,41.748,41.748,41.748,41.748,41.748,41.748,41.748,41.748,41.748,41.748,41.748,41.748,41.748,41.748,41.748,41.748,41.748,41.748,41.748,41.748,41.748,41.748,41.748,41.748,41.748,41.748,41.748,41.748,41.748,41.748,41.748,41.748,41.748,41.748,41.748,41.748,41.748,41.748,41.748,41.748,41.748,41.748,41.748,41.748,41.748,41.748,41.748,41.748,41.748,41.748,41.748,41.748,41.748,41.748,41.748,41.748,41.748,41.748,41.748,41.748,41.748,41.748,41.748,41.748,41.748,41.748,41.748,41.748,41.748,41.748,41.748,41.748,41.748,41.748,41.748,41.748,41.748,41.748,41.748,41.748,41.748,41.748,41.748,41.748,41.748,41.748,41.748,41.748,41.748,41.748,41.748,41.748,41.748,41.748,41.748,41.748,41.748,41.748,41.748,41.748,41.748,41.748,41.748,41.748,41.748,41.748,41.748,41.748,41.748,41.748,41.748,41.748,41.748,41.748,41.748,41.748,41.748,41.748,41.748,41.748,41.748,41.748,41.748,41.748,41.748,41.748,41.748,41.748,41.748,41.748,41.748,41.748,41.748,41.748,41.748,41.748,41.748,41.748,41.748,41.748,41.748,41.748,41.748,41.748,41.748,41.748,41.748,41.748,41.748,41.748,41.748,41.748,41.748,41.748,41.748,41.748,41.748,41.748,41.748,41.748,41.748,41.748,41.748,41.748,41.748,41.748,41.748,41.748,41.748,41.748,41.748,41.748,41.748,41.748,41.748,41.748,41.748,41.748,41.748,41.748,41.748,41.748,41.748,41.748,41.748,41.748,41.748,41.748,41.748,41.748,41.748,41.748,41.748,41.748,41.748,41.748,41.748,41.748,41.748,41.748,41.748,41.748,41.748,41.748,41.748,41.748,41.748,41.748,41.748,41.748,41.748,41.748,41.748,41.748,41.748,41.748,41.748,41.748,41.748,41.748,41.748,41.748,41.748,41.748,41.748,41.748,41.748,41.748,41.748,41.748,41.748,41.748,41.748,41.748,41.748,41.748,41.748,41.748,41.748,41.748,41.748,41.748,41.748,41.748,41.748,41.748,41.748,0.0
mean,2.484,2.942,4.248,5.84,7.067,7.442,6.753,6.528,6.461,6.136,5.594,5.598,6.719,9.36,12.257,13.946,12.735,9.823,8.027,8.23,9.505,10.918,8.507,6.647,5.567,4.883,4.565,4.518,4.68,5.398,6.591,7.765,6.878,7.882,7.299,6.456,5.568,5.22,5.581,6.335,7.254,8.203,9.336,11.294,13.851,17.368,18.713,16.697,15.591,18.331,23.461,27.974,27.617,25.998,26.924,26.277,25.365,24.701,25.645,21.327,16.426,12.826,11.412,12.738,13.842,12.912,10.947,11.233,11.422,11.415,12.683,13.658,13.632,15.787,21.685,26.814,32.401,29.041,26.801,25.886,26.82,28.522,28.547,26.607,23.049,18.266,13.589,10.586,10.442,10.806,11.183,11.019,8.541,6.653,5.387,5.043,5.452,6.79,9.354,12.675,15.035,18.115,14.848,10.474,7.856,6.761,6.588,7.128,8.269,10.28,12.997,14.822,15.133,16.488,17.547,18.354,18.742,20.788,21.635,20.096,23.131,27.822,32.715,29.436,28.805,28.52,28.657,28.25,25.488,23.699,21.661,18.336,15.629,17.092,19.315,21.2,20.851,19.712,19.588,20.139,20.276,21.418,26.145,27.208,25.113,24.959,25.581,24.969,24.791,24.571,24.198,23.009,21.542,19.497,17.941,17.651,18.174,17.447,16.064,17.041,16.694,13.14,9.54,7.297,6.506,6.298,7.011,9.073,12.253,15.808,19.773,24.085,23.465,26.812,19.109,17.05,15.323,14.647,14.739,15.665,17.432,20.505,20.866,14.86,11.47,10.246,9.953,13.334,17.935,24.12,26.511,47.784,25.054,22.283,19.429,19.4,17.041,16.415,15.391,14.59,10.853,13.235,14.493,14.39,15.319,16.089,16.157,14.211,10.922,8.086,6.813,6.743,7.324,8.365,10.584,13.661,16.408,18.703,21.023,18.495,15.863,15.339,14.893,15.667,15.753,15.521,16.08,16.496,16.048,15.004,14.093,14.246,9.905,8.827,8.961,11.159,16.316,16.594,14.88,14.562,12.593,12.115,13.765,16.732,18.341,25.421,40.959,32.047,22.468,15.661,12.168,10.353,10.399,12.1,14.717,17.238,17.758,23.537,22.907,19.142,14.64,12.392,12.402,14.674,16.744,16.87,20.757,18.571,22.753,22.033,17.044,12.911,11.644,12.102,12.513,12.647,13.194,14.234,16.099,17.034,16.193,14.966,14.261,14.531,15.03,14.227,10.873,8.48,6.79,6.029,5.733,5.969,7.081,9.156,11.48,13.952,11.579,14.912,14.568,12.386,9.645,7.617,6.984,6.9,7.1,7.731,8.897,10.961,13.291,16.032,18.181,16.247,12.25,8.907,7.207,6.599,6.683,7.251,9.053,10.823,13.038,13.023,11.521,8.811,6.578,5.525,5.335,5.845,7.151,9.373,12.266,14.431,14.221,11.709,8.873,7.279,7.217,7.899,9.244,9.187,11.626,12.053,10.251,8.209,6.936,6.386,6.928,8.712,11.25,12.387,12.24,11.281,10.215,9.546,8.013,7.379,7.979,8.486,9.651,12.066,13.122,11.223,8.723,6.486,5.202,4.715,4.64,4.735,4.803,4.967,5.097,4.72,3.84,2.707
std dev,7.505,7.804,8.687,9.565,10.063,10.097,9.855,9.192,8.555,8.307,8.372,8.743,9.189,9.153,8.341,7.529,7.914,8.691,8.497,8.298,8.047,8.798,9.334,9.091,8.609,8.192,7.858,7.682,7.602,7.469,7.157,7.188,6.95,7.091,7.273,7.741,8.002,8.022,8.139,8.556,9.196,9.823,10.288,10.515,10.683,9.885,10.282,12.507,13.453,12.371,10.609,8.149,8.21,10.443,10.643,11.577,10.864,10.556,7.861,10.496,11.919,12.294,12.067,11.056,9.755,9.116,8.285,8.687,9.088,9.911,9.521,9.458,11.125,12.497,12.207,12.192,9.739,10.697,10.523,11.111,11.536,11.249,10.832,10.159,10.423,11.218,11.875,11.244,9.966,9.307,8.632,8.374,9.091,9.072,8.6,8.379,8.609,9.226,9.774,9.787,9.895,8.829,10.759,11.054,10.622,10.108,9.875,10.029,10.445,10.815,10.529,9.474,8.596,7.984,8.497,10.215,11.648,11.408,11.411,13.831,13.261,11.891,9.839,11.238,12.462,12.905,12.491,10.518,10.789,10.276,11.327,12.803,14.141,12.893,11.545,9.423,8.746,9.961,10.183,9.651,10.355,11.351,9.476,9.397,10.628,10.992,10.231,11.112,11.052,11.077,11.09,11.528,11.406,11.087,10.488,9.723,8.65,8.858,9.778,8.753,8.5,10.34,10.669,10.247,9.719,9.554,10.11,11.568,13.08,14.107,14.436,15.992,16.345,17.426,12.696,12.729,11.857,10.63,12.457,15.533,18.408,20.268,21.354,18.538,16.274,13.762,14.167,17.181,19.614,19.372,17.008,13.549,18.857,18.026,15.939,14.949,15.686,13.802,13.832,10.314,8.027,9.701,11.832,10.404,11.129,12.19,12.874,12.89,12.306,11.195,10.195,9.95,10.128,10.506,10.81,10.543,9.837,9.169,8.137,8.315,8.883,8.023,7.952,7.41,7.937,9.624,10.505,10.771,10.856,10.326,9.58,8.467,8.505,8.248,8.307,9.228,11.682,12.368,11.904,9.046,10.262,11.472,13.607,15.774,15.974,17.961,17.22,18.897,19.687,18.244,16.236,14.904,15.015,16.645,18.692,21.254,20.96,23.25,22.261,20.737,18.554,16.298,14.893,15.448,14.521,16.95,17.799,15.496,17.035,16.634,15.931,14.098,11.541,9.779,8.84,9.016,9.225,9.468,8.832,8.705,8.982,9.164,8.848,8.341,8.169,8.077,8.97,8.999,8.832,8.728,8.664,8.67,8.671,8.606,8.295,8.476,8.168,7.396,7.247,8.281,9.032,9.179,8.995,8.855,8.856,8.959,9.139,9.199,9.549,9.844,9.695,11.081,11.298,10.864,10.304,9.862,9.872,10.136,10.367,10.322,9.728,9.126,9.194,9.39,8.965,8.585,8.556,8.79,9.06,9.091,8.528,7.28,7.634,8.961,9.645,9.66,9.323,8.96,8.947,9.391,9.133,9.37,9.186,9.336,9.26,9.256,9.384,9.271,8.56,7.993,7.846,8.162,8.197,7.84,8.144,8.069,7.781,8.317,9.015,8.701,8.749,9.545,9.915,9.606,8.953,8.454,8.189,8.226,8.568,9.064,9.292,9.111,8.509,7.757
