,"""A1""","""A2""","""A3""","""A4""","""A5""","""A6""","""A7""","""A8""","""A9""","""A10""","""A11""","""A12""","""A13""","""A14""","""A15""","""A16""","""A17""","""A18""","""A19""","""A20""","""A21""","""A22""","""A23""","""A24""","""A25""","""A26""","""A27""","""A28""","""A29""","""A30""","""A31""","""A32""","""A33""","""A34""","""A35""","""A36""","""A37""","""A38""","""A39""","""A40""","""A41""","""A42""","""A43""","""A44""","""A45""","""A46""","""A47""","""A48""","""A49""","""A50""","""A51""","""A52""","""A53""","""A54""","""A55""","""A56""","""A57""","""A58""","""A59""","""A60""","""A61""","""A62""","""A63""","""A64""","""A65""","""A66""","""A67""","""A68""","""A69""","""A70""","""A71""","""A72""","""A73""","""A74""","""A75""","""A76""","""A77""","""A78""","""A79""","""A80""","""A81""","""A82""","""A83""","""A84""","""A85""","""A86""","""A87""","""A88""","""A89""","""A90""","""A91""","""A92""","""A93""","""A94""","""A95""","""A96""","""A97""","""A98""","""A99""","""A100""","""A101""","""A102""","""A103""","""A104""","""A105""","""A106""","""A107""","""A108""","""A109""","""A110""","""A111""","""A112""","""A113""","""A114""","""A115""","""A116""","""A117""","""A118""","""A119""","""A120""","""A121""","""A122""","""A123""","""A124""","""A125""","""A126""","""A127""","""A128""","""A129""","""A130""","""A131""","""A132""","""A133""","""A134""","""A135""","""A136""","""A137""","""A138""","""A139""","""A140""","""A141""","""A142""","""A143""","""A144""","""A145""","""A146""","""A147""","""A148""","""A149""","""A150""","""A151""","""A152""","""A153""","""A154""","""A155""","""A156""","""A157""","""A158""","""A159""","""A160""","""A161""","""A162""","""A163""","""A164""","""A165""","""A166""","""A167""","""A168""","""A169""","""A170""","""A171""","""A172""","""A173""","""A174""","""A175""","""A176""","""A177""","""A178""","""A179""","""A180""","""A181""","""A182""","""A183""","""A184""","""A185"""
radius,G,C,G,C,U,G,U,G,U,C,G,C,A,A,U,C,U,G,C,G,A,A,G,G,G,C,G,U,C,G,U,C,G,G,C,C,C,A,A,G,C,G,G,U,A,G,U,A,A,G,C,A,G,G,G,A,A,C,U,C,A,C,C,U,C,C,A,A,U,G,A,A,A,C,A,C,A,U,U,G,U,C,G,U,A,G,C,A,G,U,U,G,A,C,U,A,C,U,G,U,U,A,U,G,U,G,A,U,U,G,G,U,A,G,A,G,G,C,U,A,A,G,U,G,A,C,G,G,U,A,U,U,G,G,C,G,U,A,A,G,C,C,A,A,U,A,C,C,G,C,A,G,C,A,C,A,G,C,A,C,A,A,G,C,C,C,G,C,U,U,G,C,G,A,G,A,U,U,A,C,A,G,C,G,C,mean,std dev
2.0,0.009,0.022,0.012,0.013,0.02,0.024,0.026,0.011,0.01,0.022,0.014,0.017,0.013,0.02,0.012,0.021,0.012,0.01,0.019,0.012,0.013,0.02,0.015,0.022,0.024,0.014,0.029,0.031,0.014,0.013,0.025,0.018,0.021,0.014,0.031,0.025,0.022,0.026,0.032,0.015,0.006,0.028,0.02,0.022,0.026,0.014,0.013,0.018,0.011,0.008,0.018,0.025,0.026,0.019,0.016,0.021,0.011,0.008,0.018,0.02,0.009,0.014,0.016,0.016,0.034,0.024,0.013,0.013,0.014,0.035,0.02,0.018,0.014,0.013,0.029,0.02,0.006,0.008,0.012,0.017,0.014,0.022,0.013,0.019,0.027,0.013,0.011,0.033,0.022,0.014,0.027,0.01,0.014,0.012,0.02,0.02,0.009,0.013,0.027,0.036,0.007,0.013,0.011,0.015,0.005,0.027,0.019,0.01,0.02,0.023,0.011,0.009,0.025,0.006,0.02,0.018,0.018,0.007,0.015,0.009,0.016,0.006,0.01,0.016,0.01,0.023,0.018,0.007,0.014,0.015,0.017,0.015,0.027,0.029,0.02,0.031,0.007,0.019,0.024,0.011,0.024,0.012,0.011,0.01,0.017,0.01,0.015,0.024,0.013,0.019,0.024,0.011,0.015,0.025,0.011,0.024,0.032,0.033,0.018,0.017,0.008,0.015,0.011,0.008,0.011,0.027,0.019,0.02,0.018,0.017,0.017,0.008,0.016,0.01,0.015,0.006,0.017,0.018,0.014,0.029,0.014,0.021,0.017,0.01,0.007,0.017,0.007
3.0,0.052,0.096,0.101,0.042,0.049,0.213,0.401,0.223,0.163,0.227,0.358,0.702,0.825,1.668,1.047,0.094,0.317,0.425,0.227,0.094,1.005,0.842,0.079,0.129,0.114,0.293,0.658,0.127,0.314,0.205,0.123,0.072,0.102,0.27,0.214,0.081,0.333,0.192,0.158,0.183,0.081,0.216,0.21,0.068,0.448,0.146,0.119,0.132,0.127,0.256,0.233,0.769,0.218,0.278,0.223,1.141,0.843,0.091,0.156,0.246,0.139,0.283,0.755,1.42,0.593,0.125,0.113,0.069,0.052,0.111,0.291,0.583,0.487,0.235,0.967,0.264,0.031,0.118,0.126,0.232,0.119,0.126,0.119,0.115,0.263,0.098,0.099,0.152,1.112,1.634,0.171,0.269,0.126,0.085,1.587,0.101,0.328,0.377,0.209,0.134,0.145,0.094,0.237,0.735,0.283,0.13,0.228,0.418,0.873,0.109,0.109,0.033,0.99,0.248,0.109,0.163,0.147,0.271,0.101,0.193,1.004,0.07,0.067,0.682,0.221,0.198,0.135,0.093,0.138,0.03,0.104,0.154,0.102,0.103,0.189,0.134,0.37,0.21,0.045,0.104,0.057,0.135,0.123,0.06,0.089,0.065,0.115,0.249,0.085,0.387,0.987,0.158,0.274,0.533,0.263,1.179,0.324,0.09,0.61,0.659,0.152,0.845,0.172,0.131,0.421,0.12,0.114,0.252,0.129,0.072,0.126,0.337,1.266,0.081,0.167,0.061,0.816,0.126,0.266,0.185,0.157,0.093,0.136,0.14,0.182,0.302,0.327
4.0,0.143,0.116,0.257,0.092,0.12,0.323,0.641,0.232,0.486,0.316,1.728,3.281,4.603,3.019,0.985,3.589,0.379,0.572,0.585,0.253,1.953,0.956,0.117,0.515,0.351,0.373,0.981,1.565,0.328,0.337,0.608,0.31,0.489,0.88,0.346,0.268,0.535,0.966,0.237,0.376,0.513,0.51,0.411,0.663,1.109,4.551,0.277,0.226,0.183,0.713,10.822,11.139,1.011,0.445,0.493,2.784,0.881,0.142,0.364,5.924,0.885,0.34,0.86,2.37,5.688,2.331,0.965,2.448,0.065,0.162,2.687,0.885,1.821,0.311,0.959,0.298,0.311,0.2,0.136,0.495,2.613,0.27,0.428,0.175,0.529,0.141,0.367,0.273,2.323,3.448,1.348,0.406,1.845,0.412,1.571,0.3,0.8,0.433,0.273,0.371,0.243,0.226,0.316,1.123,1.519,1.82,2.179,2.015,1.515,2.118,0.8,0.149,1.011,0.416,0.235,6.998,0.209,0.579,0.146,1.785,0.983,2.675,0.291,0.932,0.755,0.499,0.457,0.137,0.157,0.049,0.128,0.194,0.429,0.27,0.238,0.497,0.406,1.25,0.056,0.366,0.151,0.315,0.258,0.112,0.116,0.097,0.135,0.339,0.248,0.555,0.954,0.254,0.287,2.206,8.36,1.409,0.453,0.411,2.821,0.78,0.216,2.769,2.627,0.622,0.446,0.575,0.968,0.589,0.521,0.266,0.262,0.53,2.359,0.451,0.262,0.18,0.9,0.228,1.975,0.598,0.484,0.27,0.334,0.479,0.224,1.057,1.612
5.0,0.266,0.389,0.304,0.276,0.434,0.556,0.96,1.112,0.562,0.907,2.657,4.515,6.09,5.892,3.819,4.273,0.436,0.675,0.646,0.508,2.179,1.781,2.524,0.501,0.714,1.974,3.567,3.988,1.058,2.452,0.711,0.544,0.895,1.191,1.119,0.386,0.895,1.102,0.429,0.465,0.669,0.681,0.616,1.189,4.568,4.682,0.461,0.346,0.55,1.081,12.184,17.632,9.009,0.604,0.629,5.178,1.228,3.953,7.752,7.368,1.016,0.41,2.916,4.114,6.889,3.712,3.507,2.865,0.204,1.487,5.697,2.123,3.855,0.331,1.103,3.967,0.523,0.418,0.498,2.794,3.422,3.768,2.242,0.396,0.652,0.478,0.43,1.426,3.623,4.161,3.65,0.85,1.675,2.006,2.012,2.189,2.633,2.85,0.435,0.569,0.365,0.437,0.425,1.21,2.59,3.326,3.214,2.756,4.14,4.274,0.858,0.418,1.616,1.473,0.33,8.322,3.702,0.561,0.789,3.029,1.24,3.016,0.926,1.652,1.241,2.417,0.503,0.342,0.345,0.272,0.378,0.294,0.493,0.358,0.479,1.67,1.633,2.412,1.115,0.558,0.306,0.372,0.309,0.253,0.158,0.165,0.245,0.424,2.716,1.909,9.291,3.078,2.271,2.73,11.087,9.19,0.764,1.96,4.515,4.245,2.135,3.738,3.223,1.228,1.004,1.081,1.369,0.677,14.456,0.386,0.443,2.304,5.179,1.128,0.866,0.612,3.122,1.269,2.345,0.75,0.554,0.359,0.491,0.561,0.376,2.178,2.591
6.0,0.404,0.387,0.347,0.307,0.603,0.794,1.174,1.382,1.866,1.233,3.398,5.261,7.213,6.021,5.037,4.495,0.551,0.736,0.683,0.605,2.638,5.297,2.473,0.517,0.96,3.854,5.151,4.727,1.318,3.12,0.665,0.853,1.418,1.302,1.575,0.428,1.081,1.236,0.529,0.538,0.689,0.802,0.669,1.367,5.312,4.693,1.847,0.391,0.699,6.78,14.598,17.558,12.775,0.87,0.892,5.262,2.532,4.91,8.932,7.675,1.086,0.558,2.983,4.83,6.709,3.822,3.572,2.785,0.286,1.586,6.171,2.907,5.268,0.868,1.26,4.767,0.555,0.488,0.693,3.419,3.807,4.498,2.297,0.411,0.636,0.485,0.515,1.784,3.692,5.03,4.475,1.523,2.365,2.5,4.712,2.958,3.537,2.985,0.52,0.613,0.379,0.533,0.58,1.091,2.913,4.744,4.03,3.357,5.219,4.194,0.932,1.486,1.969,1.647,0.418,9.702,4.483,0.618,1.237,3.475,2.108,3.398,2.345,2.664,2.258,2.91,0.568,0.403,0.366,0.301,0.425,0.451,0.495,0.394,0.607,2.091,2.045,2.689,1.663,0.643,0.336,0.388,0.344,0.311,0.193,0.194,0.291,0.447,3.735,3.485,7.997,13.21,8.181,2.94,12.57,11.306,1.067,2.615,5.145,5.004,4.75,5.363,3.322,1.251,1.107,1.193,9.759,13.156,16.61,0.447,0.571,2.922,5.128,3.626,1.613,0.755,2.907,2.67,3.158,0.782,0.627,0.408,0.546,0.508,0.406,2.868,3.17
7.0,0.444,0.41,0.381,0.383,0.609,0.816,1.219,1.622,2.369,2.114,3.798,5.639,7.533,5.733,5.648,4.817,0.716,0.91,0.738,0.626,2.827,6.499,2.586,0.516,1.461,4.283,5.55,5.063,2.638,3.305,1.61,2.443,1.604,1.386,1.904,0.471,1.18,1.49,0.594,0.584,0.732,0.852,0.759,2.782,5.657,4.712,3.413,0.434,0.829,8.262,16.702,17.218,14.96,1.249,1.217,6.324,3.567,6.239,9.345,8.42,1.393,1.302,3.421,5.309,6.118,4.092,3.846,3.145,0.361,3.061,6.144,3.668,5.458,2.827,1.818,4.478,2.764,0.518,0.73,3.483,4.603,4.824,2.527,0.685,0.636,0.555,0.569,2.014,3.946,5.194,4.945,2.333,2.761,2.882,6.014,5.457,3.641,3.096,1.66,0.63,0.469,0.563,0.653,1.066,3.828,4.845,4.735,4.193,5.309,5.378,1.897,1.843,2.654,2.121,0.651,9.812,4.71,1.887,1.809,3.802,3.126,7.939,2.999,3.145,3.136,3.404,2.191,0.453,0.385,0.348,0.455,0.479,0.497,0.45,0.667,2.194,2.65,2.621,1.748,0.799,0.399,0.411,0.4,0.342,0.199,0.188,0.343,0.447,4.16,3.75,12.671,16.526,7.675,3.507,13.272,11.701,1.103,2.936,5.548,5.168,7.439,5.122,5.144,3.521,3.092,1.261,10.119,15.659,18.271,0.448,0.647,3.255,5.183,4.767,2.264,1.064,3.009,3.391,3.317,0.873,0.66,0.493,0.591,0.582,0.435,3.375,3.482
8.0,0.465,0.422,0.482,0.591,0.639,0.794,1.52,1.656,2.59,2.526,3.947,6.214,7.758,6.296,6.432,5.032,2.172,1.081,0.881,0.879,3.178,7.328,2.814,0.79,1.526,4.77,5.394,4.919,3.516,3.823,2.572,2.447,2.734,2.763,1.994,1.032,1.304,1.84,0.616,0.662,0.84,1.079,0.804,3.602,6.03,5.749,4.347,0.485,0.942,11.601,16.956,16.669,17.366,11.413,2.737,7.073,5.238,7.831,9.874,9.464,1.621,1.813,3.296,5.121,5.937,4.736,4.045,3.44,0.564,3.672,5.909,5.028,5.343,3.727,3.824,5.01,3.622,0.566,1.43,3.383,5.135,5.142,2.853,0.794,0.64,0.561,0.644,2.445,4.027,5.306,5.384,2.822,3.152,4.068,7.474,7.744,4.224,3.613,2.49,0.658,0.576,0.606,0.777,1.046,4.108,4.857,4.74,4.738,5.417,5.29,3.322,1.99,3.368,2.267,4.887,10.274,6.186,3.412,2.071,6.333,3.667,9.532,7.399,4.223,4.161,3.848,2.826,0.534,0.395,0.393,0.513,0.659,0.616,0.544,0.761,2.229,2.667,2.514,1.891,1.896,0.593,0.47,0.525,0.569,0.394,0.238,0.362,0.46,4.229,3.864,18.988,17.911,13.062,7.359,12.657,12.141,1.151,3.486,5.764,7.261,8.66,7.365,7.744,5.082,4.141,3.323,12.517,18.125,18.222,10.496,0.716,3.831,6.255,6.033,2.881,2.354,3.106,4.097,3.366,1.251,0.692,0.534,0.695,0.671,0.512,4.116,3.926
9.0,0.504,0.491,0.647,0.674,0.72,0.902,1.681,2.351,2.799,2.623,4.657,6.797,7.781,6.7,6.879,5.216,3.399,1.154,0.984,1.235,3.599,7.606,2.936,1.256,3.49,4.821,5.338,4.836,4.147,3.877,6.118,3.393,3.1,3.472,2.146,1.562,1.509,2.16,0.671,0.772,0.966,1.192,0.884,4.179,5.886,5.922,4.862,0.635,0.999,12.626,18.399,16.283,17.652,13.896,5.43,7.572,7.801,8.442,10.045,9.469,5.137,2.618,3.513,5.186,5.851,5.323,4.084,3.402,1.596,3.995,5.752,5.794,5.174,3.95,4.501,4.842,3.684,0.629,2.1,3.608,5.063,5.153,3.112,0.982,0.672,0.634,1.017,2.738,4.158,5.415,5.644,3.273,4.007,5.034,8.723,8.525,4.454,3.903,2.678,0.695,0.692,0.645,0.893,1.718,4.461,4.643,4.769,5.101,5.956,5.37,4.376,2.321,4.16,2.301,6.918,10.834,7.399,3.843,6.826,7.922,4.711,10.954,9.826,4.674,4.615,4.213,3.15,0.547,0.405,0.445,0.591,0.753,0.614,0.627,0.892,2.167,2.56,2.393,2.33,1.867,0.767,0.488,0.6,0.703,0.547,0.33,0.353,1.153,4.369,4.188,20.104,18.719,16.58,12.664,12.465,12.266,8.469,3.863,5.706,8.246,9.631,8.997,8.38,6.4,4.404,3.421,14.47,18.83,18.074,12.834,1.668,4.637,6.521,6.62,4.506,2.559,3.059,4.005,3.319,1.465,0.677,0.624,0.739,0.715,0.541,4.67,4.195
10.0,0.488,0.57,0.676,0.706,0.726,1.341,2.061,2.736,2.817,3.18,4.753,7.49,7.935,7.034,7.279,5.448,3.763,1.233,1.049,1.566,3.947,7.519,2.977,1.465,3.815,4.993,5.034,4.744,4.046,4.486,7.532,6.921,3.612,3.899,3.584,1.81,1.699,2.345,1.097,0.907,1.019,1.198,2.217,4.439,5.864,6.319,4.816,1.385,4.68,14.087,18.462,16.11,18.448,15.513,7.478,8.432,8.517,8.847,10.201,9.979,5.962,2.733,3.75,5.117,5.782,5.478,4.252,3.301,2.489,4.528,5.225,6.266,5.025,4.262,4.755,4.714,4.15,0.722,2.678,3.884,5.142,5.533,3.653,1.397,0.704,0.682,1.468,3.045,4.076,5.29,5.645,3.369,4.946,5.988,9.762,9.481,4.614,4.003,2.947,1.316,0.718,0.704,0.888,2.651,4.644,4.4,4.85,5.461,5.971,5.281,4.572,2.427,4.963,2.3,8.691,11.741,9.536,4.571,9.686,10.85,5.488,12.498,11.956,4.729,4.886,4.459,3.276,0.546,0.454,0.49,0.654,0.765,0.668,0.714,1.097,2.092,2.524,2.342,2.292,1.872,1.131,0.524,0.677,0.736,0.543,0.384,0.372,1.836,4.511,5.281,20.144,19.929,17.887,15.908,14.356,13.093,9.415,4.156,6.171,8.874,10.721,9.64,9.069,7.379,4.971,8.311,15.568,18.834,18.063,14.357,1.884,5.202,7.178,6.877,4.829,2.623,3.003,3.795,3.336,1.767,0.74,0.689,0.773,0.715,0.554,5.14,4.455
11.0,0.493,0.641,0.715,0.768,0.77,1.564,2.311,3.028,2.923,3.511,5.21,7.905,8.071,7.072,7.494,6.136,3.994,1.34,1.153,1.809,4.69,7.266,3.245,2.58,3.964,4.939,4.764,4.555,3.934,4.974,7.492,7.53,3.865,4.07,3.798,2.733,2.917,2.46,1.615,0.978,1.114,1.266,3.029,4.636,5.919,6.443,5.36,2.529,4.203,14.733,18.524,16.561,18.927,15.524,8.149,9.315,9.074,9.419,10.251,10.536,6.457,3.146,3.865,5.247,5.645,5.469,4.522,3.215,3.34,4.467,5.051,5.976,5.038,4.44,4.936,4.506,3.977,1.554,2.774,4.125,5.19,5.512,3.932,1.614,0.761,0.803,2.044,3.344,4.091,5.222,5.62,4.12,5.246,8.836,10.347,10.44,4.734,3.948,3.28,1.817,0.796,0.801,0.923,3.062,4.654,4.27,4.961,5.638,5.929,5.336,4.33,3.16,5.194,2.705,10.326,11.997,12.147,9.543,10.467,12.235,5.507,13.392,12.118,8.087,5.114,4.754,6.045,2.149,0.481,0.53,0.722,0.807,0.712,0.788,1.495,1.965,2.46,2.277,2.253,1.977,1.6,0.567,0.727,0.764,0.634,0.457,0.408,2.795,8.457,9.152,20.144,20.04,18.65,16.745,14.758,14.068,10.812,4.452,6.566,9.286,10.91,10.292,10.198,8.531,5.475,9.384,16.358,19.471,17.888,14.694,2.371,5.523,7.69,7.216,5.026,2.992,3.285,3.492,3.304,2.628,0.934,0.727,0.769,0.737,0.624,5.552,4.592
12.0,0.519,0.679,0.747,0.796,1.083,2.016,2.532,3.253,3.195,3.625,5.573,8.411,8.157,7.219,8.069,6.271,4.102,1.408,1.274,2.212,5.138,7.255,3.49,3.7,4.479,4.796,4.436,4.451,3.872,5.412,7.311,7.457,4.27,4.224,4.001,3.661,4.275,2.638,1.953,1.033,1.215,1.828,3.742,5.035,6.068,6.856,5.88,3.543,8.037,15.538,18.975,16.588,19.79,16.162,10.504,9.74,9.243,9.711,10.332,10.972,8.356,3.393,4.428,5.185,5.427,5.507,4.612,3.251,3.52,4.295,4.88,5.747,4.86,4.547,4.904,4.574,3.834,2.729,2.806,4.382,5.284,5.52,4.242,1.845,0.855,0.865,2.128,3.425,4.087,5.09,5.519,4.755,5.493,10.136,10.749,10.843,4.692,3.963,3.437,2.379,0.865,0.856,0.939,3.365,4.71,4.181,5.085,5.559,5.843,5.394,4.181,3.466,5.915,3.755,11.059,12.145,13.751,11.027,11.133,13.412,5.552,13.567,12.524,9.718,5.21,7.594,7.163,2.568,0.515,0.549,0.74,0.804,0.731,0.832,1.564,1.915,2.306,2.211,2.17,1.969,1.697,0.727,0.771,0.775,0.629,0.484,0.423,3.248,11.254,13.32,19.926,20.09,19.233,17.45,15.121,14.297,10.616,7.846,6.659,10.074,10.741,10.705,10.441,9.274,6.481,10.337,16.819,19.346,17.978,15.069,2.829,5.829,8.25,7.694,5.162,3.661,4.132,3.269,3.388,2.985,1.313,0.777,0.788,0.763,0.664,5.921,4.738
13.0,0.943,0.713,0.787,1.512,1.588,2.36,3.02,3.489,3.524,4.024,6.108,9.003,8.422,7.519,8.963,6.507,4.402,2.327,1.413,2.358,5.292,7.113,4.205,4.227,4.879,4.606,4.281,4.428,4.768,6.319,7.27,7.4,5.021,4.259,3.961,6.143,5.817,2.856,2.307,1.106,1.335,2.537,4.529,5.304,6.289,7.251,6.237,4.123,11.031,15.973,19.111,16.967,19.707,17.2,13.527,10.142,9.231,9.929,10.494,11.422,9.847,4.095,4.751,5.113,5.265,5.525,4.841,3.509,3.911,4.16,4.532,5.471,4.618,4.501,4.772,4.507,3.684,3.255,3.163,4.523,5.358,5.764,4.387,2.029,0.959,1.142,2.845,3.53,4.313,5.024,5.385,5.174,6.989,10.461,10.945,10.806,5.408,3.923,3.521,2.689,0.908,0.913,1.169,3.613,4.738,4.2,5.158,5.636,5.68,5.746,4.746,4.328,6.243,5.437,11.93,12.327,14.281,12.582,11.718,13.974,7.981,14.257,12.787,11.292,5.239,10.638,11.524,2.678,0.559,0.591,0.78,0.822,0.813,0.891,1.778,1.87,2.246,2.116,2.134,1.932,1.706,0.885,0.798,0.816,0.742,0.536,0.988,3.624,13.922,17.891,19.739,19.951,19.685,17.93,15.264,14.34,11.373,10.306,7.334,10.966,10.772,10.787,10.426,9.629,7.3,11.822,17.283,19.615,18.822,16.006,5.886,6.213,9.111,8.127,5.957,4.233,4.651,3.335,3.467,3.19,1.526,0.836,0.797,0.779,0.678,6.381,4.93
14.0,1.488,1.977,2.483,1.99,1.964,6.147,4.083,3.635,3.75,4.314,6.536,9.422,8.437,7.832,9.089,6.702,4.717,2.852,1.561,2.719,5.064,6.752,4.557,4.732,5.672,4.559,4.259,4.346,4.848,6.996,7.117,7.188,5.872,4.641,3.948,6.571,6.334,3.445,2.458,1.911,1.676,3.967,5.202,5.782,6.828,7.43,6.543,4.387,12.486,16.269,19.123,17.23,19.471,17.3,13.935,10.773,9.561,10.242,10.919,11.62,10.443,5.599,4.779,5.089,5.146,5.427,4.885,3.778,3.993,4.068,4.35,5.151,4.393,4.74,4.648,4.428,3.786,3.498,3.494,4.853,5.435,5.672,4.752,2.569,1.74,2.092,3.189,3.716,4.475,4.943,5.273,5.238,8.665,10.345,11.986,10.932,7.018,4.296,3.516,2.927,1.107,0.99,1.771,4.006,4.729,4.387,5.264,5.623,5.541,5.871,4.988,4.969,6.224,6.698,12.239,12.397,14.669,13.563,13.168,14.983,9.946,14.611,12.869,11.871,9.014,12.536,12.874,2.727,0.605,0.62,0.8,0.828,0.845,0.912,1.793,1.854,2.2,2.076,2.066,1.943,1.814,0.98,0.959,1.047,0.841,0.545,1.93,3.974,15.152,18.696,19.726,19.888,19.734,18.026,15.484,14.741,11.999,11.1,9.045,11.734,11.065,10.85,10.618,9.731,8.503,13.545,17.401,19.489,19.023,16.505,10.189,6.608,9.501,8.502,6.56,5.398,5.211,3.728,3.775,3.33,2.067,0.901,0.826,0.779,0.685,6.797,4.982
15.0,1.511,3.264,3.624,2.49,4.291,7.618,6.32,4.026,4.198,4.78,6.841,9.717,8.414,8.152,9.265,7.007,5.05,3.464,1.978,3.158,4.943,6.967,5.188,5.404,6.459,4.746,4.277,4.323,4.813,7.171,7.028,6.841,6.491,4.747,4.466,7.173,7.433,4.216,2.54,2.839,3.36,4.875,5.716,6.058,7.283,7.643,6.824,5.646,13.074,16.546,19.035,17.376,19.117,17.599,14.434,11.43,9.919,10.738,11.642,11.79,10.7,6.161,4.739,4.962,5.045,5.288,4.946,4.234,4.1,4.004,4.276,4.884,4.207,4.942,4.492,4.324,3.862,3.86,4.068,4.982,5.443,5.625,5.084,3.275,2.475,2.577,3.475,3.813,4.477,4.883,5.225,5.588,9.78,10.574,13.0,11.083,7.823,4.397,3.521,3.369,1.639,1.066,2.502,4.219,4.753,4.618,5.282,5.564,5.868,6.271,5.233,5.221,6.554,8.189,12.533,12.534,15.096,14.414,13.751,15.681,12.285,14.747,13.116,12.329,12.077,13.885,13.814,4.717,1.093,0.715,0.835,0.852,0.881,1.059,1.796,1.829,2.086,2.044,2.0,1.975,1.859,1.368,1.154,1.096,1.09,0.606,2.924,4.158,16.243,19.058,19.424,19.955,19.358,18.083,15.948,14.685,12.324,11.762,12.227,12.198,11.481,11.205,10.892,9.893,9.286,14.626,17.645,19.432,19.352,17.119,12.65,6.795,9.351,8.766,7.153,5.753,5.54,4.004,4.133,3.553,2.686,1.277,0.818,0.783,0.725,7.202,5.022
16.0,2.982,3.832,4.017,3.641,6.162,9.475,8.359,4.402,4.666,5.213,7.187,9.892,8.569,8.369,9.419,7.374,5.769,3.91,2.607,3.584,5.219,6.685,5.422,5.771,7.189,5.508,4.626,4.994,4.757,7.048,6.813,6.573,6.565,5.007,5.439,7.479,7.489,5.021,2.941,3.447,4.349,5.566,6.254,6.269,7.458,7.844,7.014,7.015,13.668,16.534,18.87,17.48,18.664,17.546,14.935,11.714,10.387,11.054,12.075,12.022,10.962,6.861,4.657,4.906,5.094,5.215,5.044,4.507,4.12,3.959,4.29,4.801,4.084,5.111,4.466,4.213,3.884,3.977,4.372,5.04,5.406,5.734,5.351,4.108,2.751,3.32,3.7,3.97,4.534,4.852,5.156,5.632,9.871,11.482,13.218,11.325,9.14,5.385,3.856,3.618,2.35,1.392,2.897,4.371,4.877,4.699,5.264,5.536,5.962,6.592,6.252,6.278,7.19,9.918,12.68,12.722,15.176,14.927,14.056,16.038,14.174,14.6,13.717,13.36,15.44,14.96,14.939,8.34,2.087,0.773,0.854,0.896,0.91,1.313,1.783,1.815,2.038,1.98,1.953,2.027,1.924,1.676,1.208,1.3,1.27,2.332,3.534,5.611,16.885,18.493,19.195,19.835,19.23,18.138,16.471,15.126,12.672,12.049,13.605,13.289,12.041,11.44,10.955,10.119,10.544,15.899,18.102,19.296,19.421,17.557,13.281,7.381,9.066,9.191,7.704,6.454,6.188,4.256,4.589,3.795,2.94,1.706,0.843,0.816,0.769,7.608,5.031
17.0,3.491,4.157,4.544,4.465,7.837,10.898,9.373,6.017,5.266,5.666,7.813,10.169,8.771,8.659,9.755,7.709,6.106,4.303,3.314,3.966,5.501,6.508,5.683,6.81,7.593,6.19,4.668,5.987,5.153,6.929,6.594,6.408,6.346,5.346,6.157,8.087,7.803,6.066,3.946,4.515,6.819,7.035,6.63,6.589,7.623,8.03,7.179,9.332,14.263,17.006,18.592,17.54,18.327,17.763,15.978,12.427,11.056,11.754,12.882,12.097,11.258,8.219,4.647,4.805,5.12,5.203,5.062,4.745,4.194,3.947,4.265,4.67,4.099,4.99,4.829,4.164,4.068,4.196,4.637,5.069,5.35,5.923,5.883,4.985,3.527,3.674,3.756,4.078,4.642,4.813,7.155,5.506,10.759,12.364,13.827,12.024,9.537,5.892,4.362,4.051,3.008,1.939,3.155,4.428,4.952,4.786,5.233,5.46,6.384,6.811,6.936,6.659,7.457,10.853,12.743,13.079,15.123,15.044,15.157,16.059,14.48,14.853,14.173,13.675,16.091,16.297,15.964,11.75,2.274,0.931,0.883,0.932,0.965,1.517,1.775,1.804,1.991,1.921,2.061,2.02,1.939,1.861,1.229,1.411,1.376,2.614,4.23,8.003,17.424,18.415,18.998,19.516,19.086,18.258,16.868,15.449,13.761,12.61,14.228,14.14,12.712,11.567,11.012,10.327,11.958,16.77,18.32,19.212,19.263,17.862,14.646,7.92,9.045,9.855,8.226,6.821,6.251,4.746,4.925,4.084,3.239,2.302,1.199,0.829,0.793,8.025,5.068
18.0,3.403,4.271,4.773,4.916,9.688,11.797,11.113,8.021,5.756,6.177,8.358,10.483,8.808,8.945,10.097,8.027,6.408,4.72,4.311,4.41,5.45,6.393,5.85,7.541,7.957,6.856,5.138,6.233,6.016,6.715,6.393,6.262,6.217,5.66,6.565,8.327,8.089,6.983,4.766,5.04,10.498,8.557,7.373,7.377,7.919,8.143,7.513,10.685,14.778,17.354,18.339,17.701,18.183,17.856,16.682,13.666,11.914,12.524,13.242,12.41,11.498,9.321,4.648,4.754,5.183,5.192,5.171,4.999,4.275,4.05,4.221,4.574,4.156,5.008,4.853,4.1,4.181,4.53,4.758,5.061,5.31,6.245,6.32,5.411,4.053,3.918,3.866,4.24,4.675,4.862,9.128,8.59,11.83,13.033,14.125,12.679,10.042,6.549,5.087,4.482,3.506,2.468,3.523,4.514,5.083,4.904,5.197,5.704,6.54,7.02,7.095,7.714,7.636,11.534,12.904,13.382,15.437,15.57,15.599,16.254,14.589,14.984,14.212,13.874,16.777,17.292,16.678,13.435,2.473,1.006,0.942,0.986,1.027,1.695,1.772,1.796,1.936,1.881,2.051,2.015,1.945,1.919,1.442,1.471,1.727,3.478,4.519,11.12,17.771,18.297,18.749,19.166,19.122,18.205,17.096,15.835,14.523,13.846,14.683,14.473,12.654,11.779,11.059,10.466,13.023,17.753,18.486,18.962,19.016,17.971,15.644,9.438,9.289,10.778,8.551,7.137,6.528,5.167,5.177,4.43,3.462,2.483,1.697,0.84,0.8,8.43,5.12
19.0,3.663,4.399,4.994,5.437,11.357,12.619,12.163,8.849,6.512,6.571,8.986,10.885,8.988,9.2,10.297,8.381,6.965,5.397,4.77,4.791,5.586,6.394,6.008,7.757,8.321,7.237,5.718,6.207,6.771,6.575,6.372,6.2,6.136,6.218,7.072,8.4,8.461,7.426,5.397,5.671,14.1,13.671,8.952,7.931,8.051,8.194,8.352,12.043,15.314,17.467,18.036,17.814,18.081,17.799,18.085,14.455,12.812,13.481,13.775,13.034,11.623,9.664,5.183,4.959,5.325,5.272,5.193,5.124,4.605,4.126,4.11,4.453,4.417,5.112,4.886,4.088,4.446,4.708,4.896,5.106,5.275,6.426,6.603,5.902,4.837,4.206,4.043,4.442,4.668,5.269,9.073,9.23,12.294,14.081,14.604,13.381,10.231,7.19,5.442,4.693,4.367,3.279,3.747,4.665,5.23,4.976,5.227,5.856,6.841,7.227,7.612,8.964,7.973,11.923,12.954,13.68,15.826,15.86,16.222,16.309,14.721,15.196,14.582,15.237,17.123,17.743,17.213,14.735,3.015,1.39,1.093,1.073,1.253,1.814,1.78,1.781,1.903,1.856,2.075,1.972,1.916,1.962,1.616,1.587,2.605,3.843,4.75,13.079,18.257,18.25,18.521,18.992,18.934,18.239,17.394,16.035,14.813,14.443,15.108,14.413,12.739,12.415,11.282,10.583,13.841,17.898,18.495,18.783,18.688,18.206,16.339,11.195,9.71,11.711,9.146,7.421,6.723,5.387,5.387,4.837,3.754,3.731,2.194,1.394,0.812,8.83,5.179
20.0,4.086,4.806,5.166,6.681,12.666,13.023,12.644,9.922,7.911,7.15,9.982,11.377,9.146,9.422,10.666,8.8,7.332,5.946,5.214,5.651,5.939,6.333,6.175,7.998,8.687,7.757,5.857,6.037,6.794,6.419,6.338,6.19,6.224,6.308,7.472,8.579,8.978,7.958,6.529,6.946,15.081,15.415,11.792,10.046,8.357,8.406,9.468,12.534,15.677,17.656,17.851,17.897,18.011,17.633,18.501,14.863,13.756,14.191,14.216,13.631,11.937,9.972,5.874,5.121,5.498,5.278,5.253,5.201,4.792,4.248,4.117,4.29,4.507,5.108,4.828,4.337,4.695,4.82,5.027,5.827,5.374,6.978,7.07,6.39,5.548,4.413,4.225,4.518,4.697,6.737,9.282,9.15,12.834,14.85,15.241,13.995,10.222,7.794,5.975,5.117,4.681,3.897,4.2,5.003,5.287,5.023,5.219,6.094,6.99,7.489,8.37,10.475,8.702,12.443,13.169,13.952,16.186,16.044,16.509,16.626,14.911,15.921,15.276,16.31,17.637,18.199,17.64,15.585,4.928,1.945,1.175,1.192,1.52,1.836,1.801,1.788,1.868,1.878,2.066,1.942,1.942,1.977,1.887,1.9,2.784,4.009,4.883,14.544,18.353,18.166,18.376,18.736,18.754,18.232,17.65,16.411,15.361,15.02,15.092,14.416,12.738,12.895,11.446,11.268,14.44,18.121,18.414,18.638,18.619,18.406,17.115,12.316,10.21,12.021,10.111,7.572,6.861,5.813,5.793,5.242,4.939,7.588,2.69,2.094,0.825,9.241,5.192
22.0,4.36,5.087,5.542,9.487,13.368,13.163,12.958,11.869,9.743,8.921,11.813,11.797,9.395,9.862,11.158,9.569,8.178,7.376,7.612,6.669,6.269,6.213,6.957,8.669,9.84,9.036,6.878,6.009,6.555,6.321,6.234,6.166,6.328,6.734,8.212,9.433,9.874,9.008,7.806,14.432,15.817,16.146,16.008,13.901,10.525,10.105,12.304,14.539,17.022,17.676,17.761,17.843,17.942,17.825,19.649,17.085,15.835,15.657,15.195,14.026,12.808,11.107,7.798,6.272,6.184,5.653,5.366,5.304,5.084,4.449,4.243,4.174,4.982,5.211,5.034,4.854,4.996,5.549,6.872,6.865,6.627,8.3,8.41,7.021,6.69,5.747,4.928,5.086,5.449,8.814,10.126,12.198,13.917,15.649,16.041,15.174,10.493,8.735,6.831,5.897,5.337,4.921,5.069,5.829,5.555,5.257,5.344,6.485,7.176,7.785,9.334,11.98,11.09,13.236,14.159,16.371,16.635,16.607,17.077,17.579,16.004,17.481,17.163,17.624,18.018,18.488,18.528,16.95,11.297,2.755,1.58,1.576,1.923,1.943,1.883,1.86,1.84,1.911,5.049,3.717,1.976,2.198,2.417,2.321,3.794,4.318,7.785,16.321,18.338,18.226,18.288,18.309,18.492,18.231,17.844,16.831,16.039,15.623,15.123,14.749,13.044,13.6,12.538,13.631,15.777,18.598,18.466,18.254,18.213,18.33,17.777,14.357,11.386,12.257,11.876,8.603,7.099,6.162,6.225,7.036,10.729,11.001,7.675,3.502,2.966,10.213,5.172
24.0,4.654,5.286,6.112,12.549,13.332,13.07,13.006,12.741,10.832,10.589,13.061,12.045,11.968,10.179,11.569,10.256,9.174,10.044,13.872,7.873,6.396,6.363,7.826,9.555,10.39,9.819,7.593,5.984,6.323,6.282,6.101,6.262,6.489,7.324,8.63,10.323,10.758,9.868,9.369,17.502,16.616,16.758,16.939,15.643,13.594,12.976,14.215,16.509,17.702,17.591,17.729,17.785,17.851,18.72,20.309,18.441,17.699,17.166,16.214,15.057,13.506,12.271,10.02,7.434,7.064,6.424,5.413,5.385,5.247,4.878,4.508,4.249,5.126,5.2,5.104,5.063,5.255,7.063,7.438,8.315,8.575,9.924,10.247,8.726,7.362,6.652,6.038,6.116,7.39,9.282,12.902,13.065,14.82,16.437,16.707,15.951,11.731,9.27,7.624,6.738,5.872,5.636,5.921,6.522,5.96,5.362,5.855,6.854,7.499,8.599,10.581,13.228,13.707,13.919,16.034,17.228,16.883,16.906,17.371,17.785,17.416,17.815,17.883,17.955,18.243,18.499,18.475,17.58,14.412,3.83,2.774,2.034,2.084,1.973,1.971,1.909,1.816,1.926,12.642,11.077,3.521,2.568,2.911,3.373,4.074,5.212,12.605,17.833,18.37,18.251,18.204,17.904,18.11,18.176,18.003,17.145,16.392,16.009,15.598,15.192,14.272,14.489,15.245,16.075,16.939,19.612,19.549,18.052,17.855,18.109,18.414,16.427,11.717,12.235,13.095,10.386,8.6,6.662,7.391,10.93,12.14,12.245,11.181,4.671,3.854,11.173,5.158
26.0,5.031,5.684,8.558,13.359,13.125,12.91,12.869,12.907,12.655,12.449,12.94,12.198,14.039,10.836,11.943,10.661,11.199,17.064,16.733,12.802,10.061,6.431,8.591,10.411,10.781,10.375,8.601,6.299,6.231,6.119,6.116,6.368,6.702,7.91,9.479,11.003,11.383,10.799,14.936,19.042,17.765,17.399,17.654,17.378,15.431,15.031,16.392,18.771,17.81,17.607,17.765,17.823,18.036,20.388,20.897,19.406,18.783,18.576,17.735,16.173,14.448,13.276,11.554,9.277,8.144,7.524,6.077,5.356,5.3,5.097,4.924,4.506,5.188,5.24,5.123,5.097,5.973,7.865,9.103,9.03,10.142,11.253,11.83,11.379,9.352,7.743,7.075,7.494,8.596,9.972,15.016,14.414,15.795,17.296,17.365,16.494,13.404,9.69,8.561,7.709,6.82,6.622,6.831,7.234,6.826,5.562,7.254,7.484,8.466,9.628,12.081,14.509,16.145,15.092,16.606,18.289,16.936,17.189,17.639,17.773,17.669,17.955,17.962,18.051,18.294,18.375,18.167,18.187,16.321,7.1,3.767,2.913,2.18,2.103,1.973,1.912,1.845,4.605,14.079,13.287,9.739,3.126,3.371,4.255,4.854,8.849,15.536,18.071,18.156,18.087,17.91,17.689,17.727,17.988,17.919,17.41,16.742,16.335,15.895,15.554,15.431,15.653,17.253,18.143,18.816,20.484,20.638,18.109,17.724,17.901,18.624,19.786,13.978,12.32,13.086,12.421,10.14,6.922,9.214,12.676,12.9,12.916,12.787,9.02,4.765,12.172,5.099
28.0,5.356,6.22,11.408,13.388,12.943,12.716,12.735,12.971,13.347,13.501,12.841,12.38,16.307,13.592,12.441,12.947,15.435,19.383,19.576,16.704,12.615,6.736,9.553,11.155,11.313,10.558,9.523,7.107,6.187,6.047,6.244,6.57,7.16,8.583,10.183,11.457,12.073,11.723,18.46,21.17,19.398,18.596,18.595,19.725,17.365,16.794,18.217,19.077,18.004,17.804,17.861,17.703,18.512,21.099,21.401,20.367,19.811,19.815,18.915,17.252,15.638,13.885,12.634,10.658,9.869,8.977,7.442,6.583,5.348,5.174,5.09,4.784,5.211,5.224,5.154,5.293,7.578,9.236,9.391,10.285,11.362,12.278,12.651,12.801,11.754,8.629,8.063,8.552,9.109,12.177,16.042,15.464,17.198,18.18,18.051,17.05,14.665,10.087,9.093,8.439,7.52,7.2,7.493,8.941,8.698,6.096,8.833,8.279,9.828,10.752,13.524,15.413,17.377,16.422,17.645,18.819,17.615,17.244,17.562,17.709,17.749,17.836,17.966,18.032,18.293,18.126,18.019,18.082,17.338,13.242,4.342,3.623,2.557,2.298,2.045,1.964,1.898,10.939,14.642,14.781,12.874,5.541,4.744,4.928,7.998,13.403,17.188,18.104,17.89,17.898,18.376,17.661,17.529,17.705,17.701,17.692,17.267,16.638,16.293,16.052,16.045,17.391,18.586,19.47,20.043,21.52,21.514,18.558,17.802,17.953,18.877,21.471,16.173,13.297,13.015,13.608,12.344,7.76,10.869,13.136,13.006,13.056,13.238,12.449,5.155,13.127,5.068
30.0,5.687,7.824,13.226,13.276,12.831,12.617,12.647,12.985,13.301,13.379,12.961,13.287,18.951,16.201,14.749,15.937,19.522,20.946,21.311,19.577,15.838,7.821,12.535,11.587,11.772,11.171,10.164,8.105,6.08,6.111,6.432,7.036,7.694,9.119,10.865,12.157,12.538,13.003,20.801,22.605,20.925,20.309,20.082,21.904,19.994,19.383,20.53,19.463,18.421,18.155,18.003,17.634,19.688,21.598,21.791,20.807,20.537,20.563,19.71,18.298,16.793,15.165,13.949,12.185,11.002,10.287,9.468,7.389,6.932,5.459,5.17,5.111,5.269,5.65,5.217,6.378,8.123,9.779,10.276,11.331,12.176,13.149,13.082,13.298,13.268,10.996,8.932,9.087,10.048,13.884,17.376,17.084,18.183,18.966,18.813,17.825,15.415,11.488,9.388,8.917,8.38,7.964,7.994,10.882,10.099,7.67,10.188,9.973,11.231,12.375,14.64,16.214,17.893,17.293,18.105,19.232,18.155,17.213,17.499,17.618,17.751,17.697,17.89,18.002,18.103,17.897,17.839,17.972,17.97,15.677,6.757,4.167,3.246,2.694,2.391,5.348,5.42,13.574,14.812,15.43,15.282,12.53,9.516,9.923,12.671,15.277,17.784,18.065,17.754,18.321,19.485,17.69,17.491,17.469,17.638,17.623,17.555,16.954,16.307,16.918,17.04,18.265,19.496,20.204,20.727,22.28,21.902,19.684,17.897,18.082,19.885,22.662,19.461,14.78,13.184,13.495,13.866,9.521,12.863,13.027,13.074,13.045,13.184,13.367,6.859,14.141,4.93
32.0,6.447,10.524,13.571,13.094,12.675,12.532,12.613,13.004,13.367,13.316,13.181,15.135,21.142,18.544,17.067,19.054,21.533,22.571,22.755,22.324,17.889,11.187,15.276,11.97,11.938,11.57,10.419,9.225,6.223,6.84,7.229,7.756,8.476,9.861,11.544,12.564,12.97,15.891,23.218,23.957,22.738,22.047,22.276,23.451,22.155,21.693,22.13,20.402,18.83,18.478,18.37,17.508,20.521,21.952,22.067,21.081,21.181,20.835,20.189,19.113,17.717,16.307,14.708,13.257,12.258,11.38,10.67,9.372,7.573,6.903,5.23,5.179,5.27,6.327,6.158,7.786,9.521,10.517,11.05,12.529,12.97,13.762,13.677,13.8,13.782,12.636,10.96,10.934,12.063,15.126,18.218,18.327,19.085,19.625,19.456,18.46,16.162,13.247,10.179,9.257,8.795,8.523,10.13,11.922,11.479,9.548,11.317,11.274,12.514,13.562,15.372,17.103,18.419,17.849,18.652,19.663,18.723,17.091,17.409,17.541,17.63,17.654,17.729,18.031,17.927,17.724,17.775,17.879,18.024,17.572,12.74,5.157,4.04,3.1,6.51,12.305,8.261,14.492,15.288,15.949,16.112,15.229,14.438,13.343,14.938,17.199,17.888,17.965,17.719,19.13,20.38,17.717,17.599,17.467,17.612,17.513,17.495,17.05,16.352,17.33,17.774,19.044,20.173,20.95,21.732,22.569,22.199,20.79,18.257,18.361,20.624,23.114,21.609,17.024,13.348,13.316,13.684,11.169,13.377,13.035,12.982,13.01,13.192,13.421,11.51,15.126,4.767
34.0,7.671,12.813,13.502,13.133,12.886,12.83,12.796,13.125,13.21,13.309,13.311,16.558,22.622,21.139,20.184,21.514,23.513,24.132,23.874,24.275,18.936,14.038,18.144,12.997,12.311,11.925,10.983,10.048,7.412,7.844,7.983,8.182,9.04,10.488,12.092,12.92,13.282,18.915,25.309,25.794,23.986,23.614,24.322,24.672,23.454,22.837,23.141,21.7,19.432,19.013,19.503,17.766,20.962,22.167,22.19,21.291,21.402,20.867,20.345,19.633,18.469,17.417,15.589,14.338,13.322,12.545,11.648,10.287,9.075,7.696,5.425,5.253,5.665,7.796,8.006,9.127,10.308,11.142,12.152,13.362,13.762,14.61,14.334,14.185,14.193,13.703,12.603,12.238,13.428,16.106,18.901,19.219,19.901,20.1,20.101,19.403,16.9,14.366,11.995,10.893,9.93,10.549,12.075,12.61,12.067,10.551,12.162,12.522,13.572,14.629,15.898,17.849,18.804,18.432,19.361,20.245,19.634,17.827,17.251,17.46,17.631,17.636,17.722,17.819,17.659,17.707,17.663,17.718,17.891,17.965,16.094,10.927,5.693,5.679,11.639,14.072,13.231,14.642,15.848,16.204,16.629,17.344,16.932,16.315,17.067,17.703,18.124,17.931,17.81,20.021,21.117,18.044,17.752,17.68,17.615,17.437,17.345,16.888,17.389,17.904,18.558,19.684,20.73,21.316,22.05,22.894,22.374,21.258,19.092,19.038,21.962,23.733,23.233,19.554,14.579,13.367,13.54,13.592,13.428,12.997,12.817,12.743,13.022,13.244,13.221,16.048,4.643
36.0,9.819,13.685,13.489,13.171,13.006,13.073,13.046,13.159,13.402,13.5,14.903,19.151,23.57,22.934,22.239,23.499,25.275,26.217,25.092,26.11,20.279,16.742,19.748,14.719,12.525,12.106,11.362,10.444,8.968,8.831,8.614,9.09,9.691,11.328,12.69,13.242,14.61,21.822,26.409,27.75,25.322,24.518,26.014,25.993,24.265,23.667,23.6,23.456,20.704,20.192,20.402,18.165,21.429,22.135,22.29,21.433,21.378,21.007,20.516,19.931,19.085,18.202,16.689,15.091,14.214,13.471,12.448,11.68,9.886,8.819,6.443,5.294,7.192,9.363,9.987,10.296,11.276,12.191,13.245,14.013,14.369,15.141,14.924,14.599,14.716,14.423,13.895,13.842,14.595,17.11,19.635,19.889,20.354,20.38,20.427,20.114,17.712,15.138,13.535,12.608,11.684,12.42,12.924,13.12,12.971,11.588,13.051,13.398,14.372,15.189,16.778,18.421,19.17,19.001,19.934,20.66,19.997,18.447,17.082,17.66,17.626,17.589,17.788,17.655,17.653,17.625,17.642,17.632,17.819,18.033,17.688,15.657,11.574,11.809,14.387,15.165,14.303,15.034,16.201,16.534,17.602,18.106,18.052,17.572,17.82,17.95,18.125,17.938,17.994,20.867,21.364,18.886,17.97,17.763,17.694,17.44,17.066,16.688,17.776,18.573,19.231,20.352,21.09,21.723,22.324,23.121,22.57,21.642,20.324,20.233,22.674,24.341,24.823,21.707,15.748,13.377,13.399,13.923,13.544,13.054,12.646,12.515,12.836,13.225,13.431,16.878,4.551
38.0,12.942,13.834,13.464,13.336,13.356,13.33,13.283,13.313,13.546,13.658,15.885,21.556,24.317,24.026,24.044,24.582,26.803,27.911,26.499,27.405,21.889,18.544,21.357,17.432,12.956,12.416,11.704,10.648,10.017,9.938,9.464,10.017,10.5,11.975,13.035,13.469,17.856,24.699,27.372,29.021,27.1,26.253,27.025,26.845,25.119,24.526,24.273,24.758,22.579,21.155,20.976,19.276,21.633,22.225,22.269,21.434,21.36,21.161,20.707,20.205,19.589,18.656,17.645,15.764,15.064,14.143,13.32,12.604,11.445,9.671,7.556,5.282,9.272,10.84,11.477,11.485,12.219,13.204,14.237,14.75,15.099,15.859,15.657,15.611,15.68,14.903,14.787,14.832,15.443,17.908,20.013,20.711,20.869,20.917,20.651,20.483,18.249,15.84,14.376,13.824,13.146,13.305,13.29,13.773,13.541,12.428,13.859,14.065,15.077,15.961,17.587,18.763,19.53,19.615,20.386,21.008,20.218,19.305,17.541,18.474,17.769,17.526,17.782,17.78,17.685,17.677,17.688,17.656,17.688,17.914,18.004,17.397,15.76,15.782,15.753,15.669,14.519,15.532,16.684,17.158,17.871,18.207,18.25,18.152,18.129,18.222,18.087,18.027,18.661,21.235,21.563,19.894,18.304,17.976,17.719,17.484,17.012,17.188,18.371,19.12,19.961,20.828,21.419,21.869,22.484,23.139,22.675,21.961,21.373,22.08,23.784,25.415,25.995,23.227,17.657,13.774,13.513,13.745,13.468,13.015,12.564,12.505,12.671,13.119,13.412,17.609,4.592
40.0,29.039,29.039,29.039,29.039,29.039,29.039,29.039,29.039,29.039,29.039,29.039,29.039,29.039,29.039,29.039,29.039,29.039,29.039,29.039,29.039,29.039,29.039,29.039,29.039,29.039,29.039,29.039,29.039,29.039,29.039,29.039,29.039,29.039,29.039,29.039,29.039,29.039,29.039,29.039,29.039,29.039,29.039,29.039,29.039,29.039,29.039,29.039,29.039,29.039,29.039,29.039,29.039,29.039,29.039,29.039,29.039,29.039,29.039,29.039,29.039,29.039,29.039,29.039,29.039,29.039,29.039,29.039,29.039,29.039,29.039,29.039,29.039,29.039,29.039,29.039,29.039,29.039,29.039,29.039,29.039,29.039,29.039,29.039,29.039,29.039,29.039,29.039,29.039,29.039,29.039,29.039,29.039,29.039,29.039,29.039,29.039,29.039,29.039,29.039,29.039,29.039,29.039,29.039,29.039,29.039,29.039,29.039,29.039,29.039,29.039,29.039,29.039,29.039,29.039,29.039,29.039,29.039,29.039,29.039,29.039,29.039,29.039,29.039,29.039,29.039,29.039,29.039,29.039,29.039,29.039,29.039,29.039,29.039,29.039,29.039,29.039,29.039,29.039,29.039,29.039,29.039,29.039,29.039,29.039,29.039,29.039,29.039,29.039,29.039,29.039,29.039,29.039,29.039,29.039,29.039,29.039,29.039,29.039,29.039,29.039,29.039,29.039,29.039,29.039,29.039,29.039,29.039,29.039,29.039,29.039,29.039,29.039,29.039,29.039,29.039,29.039,29.039,29.039,29.039,29.039,29.039,29.039,29.039,29.039,29.039,29.039,0.0
mean,4.012,4.884,5.62,6.194,7.169,7.881,7.814,7.279,7.028,7.098,8.546,10.356,11.272,10.384,10.506,9.757,8.837,8.522,8.268,8.042,8.047,7.884,7.427,6.888,7.259,7.262,6.758,6.361,5.591,6.191,6.281,6.26,5.935,6.139,6.606,7.201,7.605,7.765,8.329,9.252,9.785,9.86,9.923,10.41,10.608,10.658,10.151,9.779,11.417,14.386,16.974,16.452,16.736,14.959,13.302,12.852,11.883,12.351,12.934,12.649,10.256,8.339,7.542,7.481,7.673,6.981,6.373,5.76,4.876,5.074,5.504,5.178,5.484,5.342,5.418,5.725,5.529,5.392,5.903,6.89,7.499,8.002,7.404,6.33,5.797,5.349,5.335,5.869,6.786,8.159,9.496,8.871,10.476,11.577,12.64,11.872,9.202,7.293,5.995,5.293,4.598,4.4,4.84,5.923,6.538,6.136,6.812,7.038,7.751,8.045,7.981,8.429,9.345,9.522,11.542,13.677,13.032,11.765,11.929,13.021,11.13,13.257,12.418,11.671,11.445,11.966,11.649,9.326,6.844,5.328,4.306,3.636,3.162,3.192,3.789,4.509,4.416,5.462,6.423,6.244,5.612,4.859,4.645,4.637,5.046,5.784,6.999,9.132,12.742,13.595,16.886,16.51,15.449,14.368,15.03,14.1,11.482,10.738,11.344,11.92,11.792,11.936,11.848,11.306,11.392,13.404,15.971,16.749,16.897,14.064,11.343,11.124,11.301,10.307,8.47,7.208,7.26,6.251,6.705,6.335,5.978,5.789,5.371,4.802,3.959
std dev,5.686,6.161,6.532,6.834,6.947,6.78,6.558,6.392,6.263,6.211,5.887,5.928,6.964,6.723,6.639,7.175,8.698,9.671,9.739,9.397,7.117,5.621,6.916,6.404,5.887,5.45,5.169,4.965,5.056,4.933,5.091,5.138,5.207,5.412,5.78,6.193,6.406,7.639,9.736,10.512,9.853,9.46,9.386,9.044,7.847,7.513,8.287,8.986,8.226,6.744,5.426,5.043,6.367,7.988,8.583,7.066,7.545,7.119,6.442,5.906,7.037,7.12,6.401,5.656,5.284,5.352,5.334,5.274,5.44,5.038,4.703,4.769,4.756,5.103,5.083,5.035,5.44,5.96,5.993,5.758,5.634,5.825,6.177,6.706,6.768,6.476,6.116,5.833,5.651,6.042,6.912,7.469,7.372,7.385,6.733,6.754,6.492,5.951,5.865,5.912,5.953,6.035,6.05,5.89,5.428,5.132,5.334,5.323,5.367,5.606,6.57,7.339,7.197,7.469,7.3,5.942,6.911,7.469,7.254,6.782,7.243,6.327,6.858,7.171,7.717,7.585,7.863,8.412,8.382,7.883,7.101,6.459,5.949,5.937,6.201,6.384,6.041,6.65,7.322,7.47,7.525,7.388,7.257,7.138,7.357,7.725,8.117,8.206,7.504,7.984,6.604,6.694,6.892,7.037,5.291,5.6,7.086,7.007,6.464,6.31,6.326,6.421,6.867,7.61,8.188,8.655,7.224,6.985,6.093,7.666,9.038,8.704,7.423,6.856,6.347,6.269,5.86,5.708,5.842,6.407,6.735,6.914,6.935,6.798,6.387
