,"""A2647""","""A2648""","""A2649""","""A2650""","""A2651""","""A2652""","""A2653""","""A2654""","""A2656""","""A2657""","""A2658""","""A2659""","""A2660""","""A2661""","""A2662""","""A2663""","""A2664""","""A2665""","""A2666""","""A2667""","""A2668""","""A2669""","""A2670""","""A2671""","""A2672""","""A2673""","""B2662"""
radius,U,G,C,U,C,C,G,A,U,A,C,G,A,G,A,G,G,A,A,A,G,G,A,G,U,G,A,mean,std dev
2.0,0.047,0.03,0.029,0.043,0.034,0.03,0.029,0.036,1.649,0.007,1.649,0.035,0.027,0.062,0.054,0.03,0.033,0.035,0.023,0.029,0.018,0.024,0.015,0.019,0.039,0.02,0.009,0.15,0.424
3.0,0.902,0.063,0.086,0.074,0.12,0.114,0.062,1.057,1.431,0.657,1.461,0.091,0.869,0.358,0.118,0.317,0.071,0.127,0.062,0.072,0.057,0.043,0.062,0.035,0.074,0.066,0.553,0.333,0.428
4.0,0.836,0.121,0.099,0.136,0.187,0.207,1.918,3.002,3.093,1.505,1.871,0.314,1.252,1.78,0.296,0.539,0.914,2.081,0.545,0.11,0.524,0.07,0.14,0.134,0.163,0.097,0.482,0.83,0.892
5.0,1.52,0.386,0.346,0.687,0.388,0.709,2.357,3.541,3.391,2.302,2.903,2.044,1.67,1.949,0.639,0.651,2.31,2.938,0.815,0.484,0.662,0.156,0.243,0.538,0.633,0.927,2.015,1.378,1.025
6.0,2.353,1.317,0.635,0.823,0.592,1.015,2.891,3.394,4.086,2.603,3.01,2.926,1.881,2.023,0.82,0.864,2.913,3.05,1.659,0.984,0.959,0.545,0.59,0.587,0.919,1.098,3.485,1.779,1.088
7.0,2.434,1.44,0.774,0.836,0.648,1.139,3.066,4.022,4.518,3.096,3.452,3.051,2.156,1.919,1.321,1.025,3.124,3.437,2.177,1.525,1.027,0.691,0.749,0.713,1.116,1.223,5.091,2.066,1.271
8.0,2.513,1.604,0.968,0.806,0.721,1.969,3.08,4.616,4.604,3.489,3.733,3.408,2.147,1.801,1.845,1.29,3.38,3.704,2.893,1.993,1.924,0.973,0.726,0.677,1.168,1.217,5.191,2.313,1.306
9.0,2.437,1.811,1.215,0.787,1.157,2.177,3.356,4.588,4.52,4.102,3.97,3.752,1.908,1.724,1.79,1.49,3.455,3.692,3.157,2.273,2.082,1.398,0.774,0.792,1.171,1.269,5.028,2.44,1.285
10.0,2.41,1.881,1.32,0.828,1.685,2.511,3.396,4.472,4.512,4.331,3.917,3.991,2.669,2.062,1.743,2.065,3.642,3.929,3.392,2.605,2.208,1.62,0.814,1.068,1.205,1.277,4.664,2.601,1.218
11.0,2.311,1.855,1.36,0.986,1.824,2.516,3.298,4.337,4.429,4.382,3.946,4.009,3.396,3.07,3.275,3.416,3.795,4.127,3.491,2.811,2.261,1.753,0.948,1.135,1.151,1.273,4.27,2.794,1.173
12.0,2.177,1.898,1.444,1.429,2.135,2.5,3.33,4.116,4.252,4.405,4.064,3.975,3.527,3.485,3.588,3.92,3.84,4.221,3.651,3.059,2.408,1.822,1.312,1.197,1.169,1.374,4.098,2.904,1.12
13.0,2.271,1.842,1.538,1.661,2.245,2.713,3.458,3.955,4.126,4.424,4.122,3.958,3.711,3.758,3.644,4.043,4.072,4.167,3.84,3.137,2.588,1.918,1.645,1.234,1.275,1.655,3.896,2.996,1.067
14.0,2.23,1.821,1.759,2.021,2.393,2.935,3.536,3.848,4.098,4.275,4.193,3.933,3.741,3.967,3.924,4.087,4.242,4.128,3.912,3.292,2.961,2.262,1.779,1.286,1.367,1.767,3.862,3.097,1.016
15.0,2.232,1.915,2.034,2.253,2.543,3.002,3.508,3.742,4.051,4.199,4.277,4.05,3.863,4.034,4.044,4.095,4.265,4.129,3.937,3.352,3.03,2.552,2.008,1.687,1.509,1.724,3.899,3.183,0.947
16.0,2.263,1.982,2.232,2.578,2.762,3.075,3.453,3.635,3.922,4.138,4.241,4.065,4.03,4.075,4.054,4.072,4.292,4.18,3.92,3.469,3.093,2.761,2.243,1.825,1.614,1.723,3.824,3.242,0.884
17.0,2.273,2.209,2.339,2.711,2.821,3.267,3.402,3.644,3.906,4.065,4.244,4.066,4.039,3.993,4.03,4.099,4.264,4.11,3.803,3.553,3.069,2.895,2.504,2.124,1.788,1.715,3.86,3.289,0.811
18.0,2.235,2.261,2.571,2.806,2.941,3.253,3.323,3.657,3.898,4.1,4.227,4.118,4.004,3.929,4.018,4.122,4.204,4.013,3.676,3.596,3.185,2.929,2.604,2.287,2.059,1.72,3.963,3.322,0.759
19.0,2.269,2.35,2.66,2.864,3.197,3.25,3.301,3.669,3.848,4.087,4.214,4.223,3.966,3.968,4.044,4.222,4.152,3.932,3.666,3.568,3.192,2.937,2.767,2.541,2.093,1.793,4.01,3.362,0.722
20.0,2.317,2.454,2.79,2.96,3.238,3.249,3.352,3.67,3.843,4.057,4.18,4.253,3.941,4.075,4.071,4.293,4.068,3.872,3.714,3.553,3.238,3.025,2.869,2.668,2.214,2.009,4.036,3.408,0.673
22.0,2.6,2.676,2.981,3.214,3.244,3.222,3.457,3.638,3.882,3.975,4.106,4.249,4.021,4.134,4.123,4.247,3.945,3.787,3.761,3.503,3.343,3.227,2.991,2.866,2.603,2.202,4.215,3.489,0.578
24.0,2.842,2.944,3.138,3.261,3.267,3.262,3.515,3.709,3.804,3.885,4.01,4.199,4.162,4.257,4.285,4.101,3.848,3.763,3.738,3.62,3.437,3.236,3.232,2.96,2.834,2.522,4.214,3.557,0.494
26.0,3.069,3.075,3.262,3.282,3.285,3.474,3.622,3.701,3.727,3.801,3.911,4.091,4.192,4.312,4.268,3.962,3.763,3.737,3.711,3.673,3.447,3.326,3.259,3.238,2.958,2.741,4.189,3.595,0.414
28.0,3.237,3.262,3.337,3.364,3.469,3.533,3.704,3.702,3.709,3.726,3.798,3.984,4.29,4.25,4.123,3.869,3.737,3.715,3.701,3.704,3.54,3.427,3.239,3.256,3.155,2.947,4.081,3.624,0.336
30.0,3.334,3.407,3.431,3.458,3.531,3.629,3.701,3.701,3.707,3.73,3.756,3.889,4.243,4.132,3.989,3.791,3.724,3.702,3.701,3.701,3.679,3.493,3.339,3.256,3.262,3.052,3.932,3.64,0.268
32.0,3.521,3.511,3.599,3.577,3.661,3.701,3.701,3.701,3.702,3.716,3.748,3.79,4.179,4.009,3.894,3.749,3.704,3.701,3.701,3.701,3.704,3.574,3.467,3.31,3.267,3.248,3.839,3.666,0.199
34.0,3.651,3.674,3.67,3.694,3.701,3.701,3.701,3.701,3.701,3.704,3.721,3.757,4.053,3.897,3.802,3.725,3.701,3.701,3.701,3.701,3.701,3.699,3.521,3.456,3.356,3.312,3.793,3.685,0.142
36.0,3.697,3.692,3.696,3.701,3.701,3.701,3.701,3.701,3.701,3.701,3.704,3.742,3.941,3.81,3.747,3.704,3.701,3.701,3.701,3.701,3.701,3.701,3.655,3.494,3.471,3.383,3.767,3.689,0.101
38.0,3.697,3.698,3.701,3.701,3.701,3.701,3.701,3.701,3.701,3.701,3.701,3.72,3.853,3.749,3.728,3.701,3.701,3.701,3.701,3.701,3.701,3.701,3.704,3.659,3.545,3.458,3.733,3.695,0.064
40.0,3.701,3.701,3.701,3.701,3.701,3.701,3.701,3.701,3.701,3.701,3.701,3.701,3.701,3.701,3.701,3.701,3.701,3.701,3.701,3.701,3.701,3.701,3.701,3.701,3.701,3.701,3.701,3.701,0.0
mean,2.461,2.168,2.094,2.146,2.307,2.595,3.125,3.585,3.776,3.513,3.649,3.427,3.222,3.182,2.999,3.007,3.399,3.486,3.084,2.765,2.567,2.257,2.031,1.922,1.892,1.88,3.645
std dev,0.856,1.087,1.223,1.267,1.261,1.162,0.926,0.903,0.698,1.079,0.752,1.203,1.169,1.206,1.436,1.451,1.128,1.021,1.201,1.242,1.165,1.261,1.266,1.21,1.099,1.011,1.252
