,"""A1""","""A2""","""A3""","""A4""","""A5""","""A6""","""A7""","""A8""","""A9""","""A10""","""A11""","""A12""","""A13""","""A14""","""A15""","""A16""","""A17""","""A18""","""A19""","""A20""","""A21""","""A22""","""A23""","""A24""","""A25""","""A26""","""A27""","""A28""","""A29""","""A30""","""A31""","""A32""","""A33""","""A34""","""A35""","""A36""","""A37""","""A38""","""A39""","""A40""","""A41""","""A42""","""A43""","""A44""","""A45""","""A46""","""A47""","""A48""","""B1""","""B2""","""B3""","""B4""","""B5""","""B6""","""B7""","""B8""","""B9""","""B10""","""B11""","""B12""","""B13""","""B14""","""B15""","""B16""","""B17""","""B18""","""B19""","""B20"""
radius,G,G,G,U,A,C,U,U,A,A,G,C,C,C,A,C,U,G,A,U,G,A,G,U,C,G,C,U,G,G,G,A,U,G,C,G,A,C,G,A,A,A,C,G,C,C,C,A,G,G,G,C,G,U,C,U,G,G,G,C,A,G,U,A,C,C,C,A,mean,std dev
2.0,0.037,0.068,0.046,0.025,0.042,0.028,0.024,0.07,0.115,0.055,0.038,0.056,0.059,0.047,0.02,0.036,0.042,0.078,0.074,0.035,0.023,0.093,0.033,0.01,0.036,0.022,0.043,0.04,0.02,0.131,0.077,0.063,0.047,0.085,0.051,0.03,0.056,0.033,0.062,0.029,0.029,0.049,0.023,0.041,0.021,0.035,0.025,1.39,0.018,0.061,0.009,0.05,0.016,0.02,0.05,0.049,0.052,0.052,0.023,0.019,0.033,0.017,0.016,0.124,0.011,0.047,0.034,0.677,0.073,0.18
3.0,0.218,0.118,0.056,0.057,0.047,0.242,0.094,0.148,0.602,1.013,0.08,0.144,0.09,0.102,0.066,1.04,0.149,0.136,0.193,0.946,0.883,0.158,0.062,0.087,0.086,0.076,0.127,0.114,0.15,0.209,0.23,1.048,1.014,0.08,0.179,0.069,0.198,0.205,0.143,0.142,0.143,0.133,0.107,0.073,0.133,0.058,0.079,1.614,0.082,0.192,0.036,0.065,0.114,0.204,0.691,0.143,0.079,0.083,0.041,0.166,0.865,0.069,0.12,0.766,0.168,0.079,0.112,0.732,0.264,0.331
4.0,0.638,0.377,0.346,0.062,0.077,0.268,0.143,1.623,2.961,0.973,2.964,0.191,0.204,0.194,0.212,3.703,0.384,4.557,2.905,2.821,4.636,0.193,0.281,0.192,0.147,0.256,0.38,0.156,10.593,0.504,0.359,11.805,0.914,1.649,0.481,0.125,0.272,0.494,0.416,0.725,0.22,2.684,4.346,0.184,0.207,0.142,0.286,1.697,0.115,0.452,0.086,0.2,0.36,0.235,3.359,5.0,0.149,0.189,0.073,0.189,0.9,0.128,0.24,0.919,0.192,0.117,0.152,0.812,1.233,2.159
5.0,0.611,0.474,0.392,0.459,0.567,0.324,0.336,2.536,3.912,21.268,3.469,0.49,0.344,0.358,0.415,4.506,4.011,5.019,3.854,4.628,6.04,0.962,0.425,0.272,0.327,0.319,0.548,0.394,8.51,0.512,12.771,14.169,2.399,2.253,0.506,0.279,0.411,0.496,0.54,1.103,1.183,3.464,4.552,0.617,0.276,0.319,0.986,1.609,0.215,0.461,0.388,0.462,0.464,3.109,5.105,6.492,0.4,0.384,0.406,1.087,1.147,0.239,0.354,1.065,0.862,0.431,0.496,0.897,2.186,3.581
6.0,1.225,0.487,0.471,0.586,0.606,0.352,1.226,3.523,4.024,21.867,3.487,0.586,0.447,0.462,0.782,5.688,5.201,5.132,5.218,5.713,6.178,1.024,0.496,0.331,0.372,0.337,0.603,0.874,11.292,0.577,15.08,15.374,12.625,2.256,0.575,0.343,0.536,0.538,0.741,1.144,1.158,3.95,4.558,0.65,0.311,0.428,1.273,1.657,0.401,0.545,0.436,0.574,0.508,4.246,5.961,6.539,0.446,0.416,0.481,1.699,2.668,0.444,0.414,1.045,0.847,0.464,0.611,0.912,2.677,4.09
7.0,1.172,0.497,0.526,0.66,0.685,0.401,2.174,3.823,4.166,22.001,3.744,0.659,0.497,0.486,0.983,5.954,6.258,5.219,6.045,6.816,6.8,1.327,0.738,0.376,0.419,0.381,0.659,6.281,12.018,0.578,15.06,15.406,17.021,12.945,0.646,0.395,0.562,0.595,2.379,1.229,1.856,4.599,4.651,0.664,0.351,0.489,1.474,1.747,0.464,0.57,0.506,0.617,0.56,4.558,6.548,6.79,1.796,0.425,0.512,1.959,4.042,1.993,0.476,1.104,0.859,0.489,0.708,0.895,3.239,4.488
8.0,1.563,0.496,0.589,0.794,0.774,0.419,2.49,4.226,4.244,21.41,4.058,2.192,0.537,0.509,1.076,6.372,6.831,5.149,6.759,7.188,7.468,2.04,1.029,0.454,0.494,0.461,0.759,7.871,13.374,6.608,16.084,14.891,18.603,15.934,1.426,0.526,0.595,0.608,2.833,1.303,3.174,4.845,4.716,2.043,0.541,0.555,1.452,1.66,0.702,0.746,0.591,0.663,2.34,4.632,6.859,6.913,3.163,0.459,0.512,2.503,4.596,2.628,0.626,1.175,0.858,0.503,0.8,0.881,3.708,4.668
9.0,3.13,0.581,0.654,0.999,0.959,0.923,3.64,4.461,4.422,20.329,5.463,2.427,0.611,0.509,3.429,6.579,6.923,5.305,6.958,7.442,7.794,2.806,1.096,0.543,0.553,0.635,1.185,10.503,13.178,11.501,15.892,15.551,18.367,15.731,1.942,0.607,0.617,1.299,2.856,2.374,3.776,4.943,4.662,3.106,0.653,0.895,1.374,1.554,1.131,1.063,0.694,0.711,2.589,4.66,6.911,7.164,5.049,0.485,0.635,3.06,4.952,3.622,0.959,1.279,1.84,0.666,0.805,0.872,4.131,4.642
10.0,5.152,1.007,0.798,1.154,1.248,1.925,4.175,4.654,6.261,20.071,6.231,2.925,0.686,0.674,4.211,6.316,7.288,5.653,7.038,7.352,7.969,3.665,1.773,0.618,0.631,0.729,1.531,11.626,13.357,14.645,15.533,15.481,18.31,15.779,2.219,0.706,0.655,2.089,3.135,2.949,4.433,5.008,4.501,3.577,0.799,1.088,1.342,1.456,1.252,1.178,0.793,1.539,2.783,5.361,6.624,8.122,5.531,0.525,1.381,3.774,5.52,4.055,1.191,2.064,1.883,1.658,0.819,0.83,4.519,4.65
11.0,6.087,1.817,0.911,1.288,1.355,2.251,4.229,4.604,11.41,19.419,8.385,3.299,1.21,0.807,4.565,6.269,7.511,6.042,7.026,7.104,8.3,4.162,2.334,0.73,0.724,0.918,1.753,12.708,14.757,15.663,15.72,15.383,18.007,16.379,5.917,0.871,0.679,2.532,3.471,3.601,4.632,5.337,4.692,3.705,0.928,1.219,1.288,1.411,1.274,1.201,1.099,1.789,3.609,5.971,6.619,8.727,5.961,0.553,1.472,3.813,5.86,4.747,3.388,3.043,2.563,2.09,1.733,0.811,4.996,4.717
12.0,6.923,3.572,1.62,1.429,1.601,3.768,4.42,4.521,13.89,18.954,12.267,3.315,1.592,1.811,4.68,6.413,7.682,6.415,7.258,7.132,8.444,4.657,3.241,0.93,0.801,1.365,4.183,13.064,14.761,15.179,15.966,15.012,17.68,16.798,13.235,1.833,2.183,3.081,3.593,4.135,4.811,5.546,4.955,3.821,1.053,1.266,1.253,1.326,1.255,1.21,1.236,2.443,3.786,6.112,6.718,9.332,7.515,3.431,1.59,4.194,6.202,5.991,4.507,3.455,3.342,2.882,2.567,2.363,5.641,4.706
13.0,7.229,4.455,2.675,2.016,2.117,4.033,4.485,4.674,15.361,18.829,14.218,4.32,1.708,3.061,4.942,6.288,7.752,6.488,7.318,7.056,8.566,4.998,4.227,1.74,1.317,2.027,6.979,14.265,15.686,15.431,15.959,14.923,16.949,17.153,14.204,3.497,3.113,3.387,3.881,4.379,5.16,5.57,5.129,4.245,1.742,1.315,1.229,1.289,1.268,1.301,1.762,2.703,3.957,6.436,6.865,9.705,8.892,6.124,2.545,4.583,6.353,6.523,4.7,4.305,3.375,3.257,3.184,3.299,6.155,4.674
14.0,7.42,5.265,3.695,2.907,3.08,4.051,4.731,4.981,16.069,18.557,15.306,6.233,2.623,3.636,5.192,6.416,7.793,6.805,7.271,8.169,8.732,5.568,4.911,3.179,1.872,2.489,8.532,15.643,16.239,16.222,15.923,14.789,16.221,17.557,15.056,4.613,3.657,3.623,4.203,4.668,5.478,5.755,5.245,4.36,2.895,1.334,1.22,1.281,1.425,1.583,2.337,3.166,4.264,6.463,6.93,10.045,9.474,7.297,3.761,4.992,6.5,6.989,5.114,4.421,3.887,3.53,3.456,3.875,6.632,4.627
15.0,7.513,6.041,4.213,3.358,3.71,6.325,9.479,8.994,16.693,18.453,15.927,8.465,4.202,3.978,5.179,6.882,7.877,6.941,7.254,8.888,8.797,6.048,5.057,3.842,2.993,4.057,9.72,16.528,16.945,15.807,16.206,15.226,15.912,17.416,15.969,5.619,4.328,3.875,4.609,4.866,5.585,5.934,5.596,4.476,3.64,1.349,1.255,1.251,1.715,1.942,2.795,3.658,4.837,6.636,7.27,10.109,10.061,8.627,5.711,5.322,6.642,7.45,5.539,4.604,4.395,3.929,3.631,4.285,7.242,4.563
16.0,7.706,7.017,4.556,3.667,4.059,8.725,12.237,11.32,17.212,18.035,16.475,10.371,6.358,4.919,5.764,7.354,7.901,6.962,7.349,9.092,8.869,6.44,5.574,4.258,3.699,6.213,10.497,17.239,17.382,16.945,16.586,15.284,15.642,17.302,16.32,8.572,4.717,4.245,4.98,5.062,5.72,6.099,5.967,4.762,3.943,1.398,1.289,1.232,1.941,2.215,3.02,4.037,5.224,6.905,7.498,10.379,10.568,9.542,7.916,7.209,6.743,7.602,6.048,4.738,4.557,4.17,4.001,4.559,7.826,4.58
17.0,7.892,7.532,4.895,4.278,7.157,13.967,15.483,13.841,17.245,17.787,16.512,11.477,8.245,6.2,6.434,7.741,8.109,7.171,7.646,9.634,9.122,6.707,5.969,4.567,4.177,7.239,12.489,17.77,17.919,17.531,16.933,15.661,15.629,16.915,16.871,10.921,5.195,4.667,5.29,5.307,5.787,6.386,6.218,5.195,4.007,1.72,1.32,1.22,2.253,2.687,3.362,4.138,5.66,7.242,7.728,10.932,10.981,10.163,8.609,8.562,7.056,7.85,6.324,5.21,4.775,4.524,4.213,4.797,8.457,4.692
18.0,8.144,8.152,5.228,4.75,9.659,15.164,16.649,15.444,17.319,17.655,16.5,12.83,9.903,8.103,7.876,8.229,8.349,7.315,7.912,10.102,9.442,6.818,6.23,5.086,6.06,7.985,13.799,18.218,18.338,17.73,17.289,15.73,15.377,16.838,16.945,12.539,5.593,5.151,5.55,5.664,6.101,6.509,6.557,5.717,4.389,2.632,1.349,1.252,2.31,2.803,3.485,4.292,5.972,7.555,8.087,11.263,11.406,11.168,10.199,9.378,7.272,7.967,6.783,5.6,5.028,4.808,4.524,5.23,8.99,4.715
19.0,8.368,8.614,6.047,4.776,11.222,16.16,17.489,16.515,17.316,17.336,16.593,13.731,10.75,9.168,8.585,8.944,8.791,7.454,8.212,10.554,10.188,7.097,6.288,6.312,7.092,8.965,15.014,18.465,18.393,17.855,17.477,15.874,15.214,16.592,17.016,13.304,6.047,5.584,5.876,5.985,6.314,6.649,6.72,6.095,4.54,3.732,1.531,1.316,2.364,2.995,3.836,4.627,6.274,7.854,8.275,11.917,12.022,11.746,10.85,10.573,7.466,8.042,7.295,5.929,5.431,5.278,5.027,5.802,9.438,4.701
20.0,8.525,8.743,6.616,6.549,13.169,17.052,17.844,16.97,17.309,16.902,16.809,14.733,11.498,10.003,9.828,9.548,9.151,7.821,8.43,11.099,11.143,7.213,7.32,7.275,7.963,9.296,16.17,18.486,18.483,18.132,17.302,16.097,15.453,16.443,16.872,14.567,7.251,5.994,6.278,6.278,6.51,6.77,7.041,6.498,4.749,3.945,2.09,1.353,2.563,3.258,4.085,5.017,6.53,8.137,8.729,12.46,12.651,12.59,11.841,11.829,8.046,8.227,7.883,6.233,5.841,5.47,5.357,6.216,9.92,4.672
22.0,8.687,8.833,7.57,9.685,15.135,17.633,18.078,17.52,17.26,16.578,16.981,15.842,13.247,11.281,11.341,10.607,10.13,8.48,9.302,11.974,12.271,8.267,8.884,8.466,8.867,11.818,17.232,18.104,18.235,18.228,17.257,15.949,15.501,16.205,16.672,15.932,9.291,6.718,6.817,6.852,6.983,7.31,7.428,7.181,5.897,4.403,3.098,1.833,3.223,3.916,4.522,5.703,7.186,8.706,10.032,12.813,13.737,13.897,13.079,13.841,10.879,8.332,8.302,6.911,6.397,6.322,6.256,6.985,10.719,4.504
24.0,8.803,8.77,8.605,11.897,16.602,17.848,17.785,17.424,17.241,16.187,16.974,16.335,14.527,13.078,12.781,11.671,11.202,9.239,10.572,12.745,12.881,9.884,10.276,9.738,10.233,13.928,17.276,17.399,17.755,18.181,16.866,15.896,15.606,16.127,16.401,16.489,12.005,8.636,7.983,7.335,7.614,7.99,8.106,7.633,6.582,4.741,4.067,2.457,4.053,4.393,4.855,6.263,7.805,9.513,11.944,14.042,14.848,14.665,14.331,15.207,13.484,8.915,8.385,7.847,7.047,7.054,7.148,7.703,11.469,4.283
26.0,8.725,8.611,10.32,13.874,17.0,17.586,17.433,17.264,16.882,16.085,16.834,16.745,15.512,14.372,14.121,12.67,12.298,10.052,12.259,13.143,13.615,11.275,11.15,10.401,11.318,15.557,16.975,16.883,17.005,17.86,16.406,15.889,15.759,16.115,16.347,16.696,14.043,10.006,9.541,8.166,8.156,8.551,8.777,8.284,7.217,5.716,4.492,3.66,4.525,4.79,5.468,6.737,8.357,10.614,13.446,15.388,15.79,15.487,15.289,16.253,15.463,10.192,8.388,8.413,7.85,7.545,7.809,8.348,12.115,4.075
28.0,8.623,8.576,11.243,15.164,17.191,17.156,17.184,17.195,16.472,16.009,16.508,16.641,16.179,15.428,15.024,13.301,13.283,11.307,13.165,13.869,14.909,12.442,12.388,11.752,13.725,16.532,16.806,16.611,16.634,17.403,16.238,15.885,15.912,16.17,16.361,16.591,15.737,12.133,10.904,10.015,9.113,9.486,9.469,8.842,7.844,6.416,4.747,4.296,4.769,5.102,6.112,7.551,9.033,13.029,14.828,16.378,16.377,16.192,16.164,16.547,16.454,12.524,8.317,8.441,8.329,8.227,8.346,8.681,12.739,3.906
30.0,8.477,9.864,12.746,16.125,16.996,16.898,16.959,16.982,16.256,16.07,16.232,16.433,16.451,16.072,15.917,14.866,14.246,12.908,13.762,14.927,16.033,13.08,13.539,13.62,15.479,16.652,16.6,16.463,16.447,16.765,16.01,16.033,16.016,16.368,16.567,16.871,16.732,14.332,12.654,11.241,11.141,10.838,10.346,9.558,8.372,6.84,5.472,4.625,5.195,5.643,6.514,8.008,10.432,14.637,16.44,17.016,16.938,16.547,16.42,16.503,16.998,14.394,8.952,8.43,8.506,8.495,8.629,8.837,13.344,3.754
32.0,8.503,10.772,14.504,16.581,16.735,16.658,16.691,16.652,16.185,16.224,16.189,16.273,16.472,16.453,16.518,16.326,15.911,13.855,15.059,16.152,16.844,13.956,14.786,14.908,16.363,16.859,16.617,16.377,16.305,16.397,16.001,16.199,16.27,16.41,16.645,16.954,17.05,15.77,14.396,12.543,12.308,12.505,11.751,10.309,8.921,7.668,6.08,4.959,5.573,6.186,7.117,8.601,13.174,16.106,17.049,17.403,17.467,16.905,16.587,16.419,17.012,15.935,10.625,8.361,8.535,8.645,8.756,8.845,13.914,3.631
34.0,9.804,12.317,15.825,16.736,16.573,16.443,16.419,16.315,16.289,16.274,16.229,16.262,16.396,16.65,16.975,17.282,17.074,15.077,16.331,16.925,17.258,15.285,16.151,16.139,16.661,16.881,16.638,16.415,16.289,16.247,15.981,16.395,16.48,16.695,17.043,17.375,17.313,16.821,15.728,13.665,13.134,13.228,13.14,11.801,9.692,8.021,6.606,5.63,6.162,6.711,7.804,9.943,15.059,17.141,17.396,17.702,17.826,17.173,16.642,16.391,16.757,16.57,13.187,8.327,8.456,8.596,8.704,8.767,14.444,3.507
36.0,11.034,14.472,16.415,16.591,16.45,16.374,16.295,16.215,16.378,16.43,16.326,16.362,16.525,16.861,17.497,17.703,17.666,16.624,17.078,17.429,17.578,16.316,16.541,16.687,16.995,17.153,16.929,16.514,16.298,16.182,16.146,16.699,16.738,16.948,17.228,17.52,17.513,17.161,16.736,14.961,13.926,13.998,14.278,14.031,11.015,8.601,7.205,6.171,6.713,7.365,8.319,12.858,16.358,17.529,17.592,17.941,18.034,17.661,16.904,16.45,16.467,16.711,14.696,9.688,8.409,8.522,8.597,8.611,14.944,3.351
38.0,13.323,15.738,16.685,16.504,16.429,16.344,16.268,16.22,16.524,16.552,16.46,16.473,16.671,17.083,18.03,18.043,17.871,17.336,17.473,17.71,17.838,16.811,17.025,17.065,17.261,17.279,17.075,16.719,16.451,16.156,16.283,17.07,17.195,17.284,17.666,17.796,17.608,17.355,17.139,16.249,15.41,15.406,15.626,15.255,12.964,9.45,7.723,6.73,7.337,7.937,9.303,14.849,17.25,17.713,17.744,18.069,18.257,18.13,17.148,16.651,16.3,16.531,15.923,12.264,8.341,8.442,8.532,8.552,15.425,3.193
40.0,18.702,18.702,18.702,18.702,18.702,18.702,18.702,18.702,18.702,18.702,18.702,18.702,18.702,18.702,18.702,18.702,18.702,18.702,18.702,18.702,18.702,18.702,18.702,18.702,18.702,18.702,18.702,18.702,18.702,18.702,18.702,18.702,18.702,18.702,18.702,18.702,18.702,18.702,18.702,18.702,18.702,18.702,18.702,18.702,18.702,18.702,18.702,18.702,18.702,18.702,18.702,18.702,18.702,18.702,18.702,18.702,18.702,18.702,18.702,18.702,18.702,18.702,18.702,18.702,18.702,18.702,18.702,18.702,18.702,0.0
mean,6.698,6.275,6.102,6.609,7.929,9.242,10.109,10.256,12.37,16.415,11.93,9.121,7.664,7.276,7.971,9.153,9.186,8.25,8.911,9.84,10.253,7.172,6.777,6.148,6.392,7.418,9.511,12.774,14.535,12.892,14.563,14.568,14.33,13.901,11.244,8.632,6.988,6.418,6.601,6.23,6.502,7.181,7.168,5.911,4.565,3.603,3.114,2.979,3.069,3.352,3.768,4.826,6.317,8.277,9.379,10.949,9.799,8.608,7.925,8.547,8.668,7.703,6.119,5.326,4.872,4.653,4.611,4.923
std dev,4.209,5.114,5.878,6.578,7.184,7.485,7.188,6.553,6.216,5.646,6.155,6.776,6.91,6.685,6.243,4.981,5.0,4.532,4.749,4.842,4.773,5.415,5.858,6.138,6.525,6.935,7.155,6.431,4.676,6.762,4.97,3.965,5.447,5.853,7.274,7.372,6.733,6.021,5.458,5.006,4.653,4.213,4.166,4.678,4.52,4.047,3.667,3.397,3.627,3.688,3.914,4.6,5.295,5.272,5.08,5.005,6.321,6.949,6.851,6.323,5.716,5.534,5.021,4.071,3.921,4.047,4.085,4.072
