,"""R1""","""R2""","""R3""","""R4""","""R5""","""R6""","""R7""","""R8""","""R9""","""R10""","""R11""","""R12""","""R13""","""R14""","""R15""","""R16""","""R17""","""R18""","""R19""","""R20""","""R21""","""R22""","""R23""","""R24""","""R25""","""R26""","""R27""","""R28""","""R29""","""R30""","""R31""","""R32""","""R33""","""R34""","""R35""","""R36""","""R37""","""R38""","""R40""","""R42""","""R43""","""R44""","""R45""","""R46""","""R47""","""R48""","""R49""","""R50""","""R51""","""R52""","""R53""","""R54""","""R55""","""R56""","""R57""","""R58""","""R59""","""R60""","""R61"""
radius,C,G,G,U,G,U,A,A,G,U,G,C,A,G,C,C,C,G,U,C,U,U,A,C,A,C,C,G,U,G,C,G,G,C,A,C,A,G,A,A,C,U,G,A,U,G,U,C,G,U,A,U,A,C,A,G,G,G,C,mean,std dev
2.0,0.069,0.071,0.033,0.071,0.046,0.049,0.036,0.052,0.028,0.039,0.048,0.044,0.04,0.062,0.045,0.056,0.056,0.033,0.033,0.026,0.026,0.037,0.024,0.033,0.048,0.055,0.027,0.034,0.037,0.05,0.06,0.041,0.036,0.04,0.069,0.071,0.049,0.03,0.11,0.045,0.05,0.085,0.04,0.023,0.034,0.059,0.048,0.068,0.061,0.051,0.036,0.021,0.062,0.034,0.074,0.042,0.043,0.067,0.043,0.047,0.017
3.0,0.189,0.143,0.127,0.115,0.14,0.096,0.105,0.087,0.081,0.289,0.215,1.005,0.226,0.119,0.093,0.156,0.063,0.114,0.101,0.356,0.33,0.109,0.063,0.236,0.11,0.262,0.311,0.106,0.063,0.094,0.11,0.152,0.161,0.147,0.305,0.119,0.101,0.195,0.203,1.085,0.12,0.153,0.211,0.199,0.167,0.193,0.12,0.148,0.156,0.287,0.2,1.318,0.5,0.177,0.892,0.122,0.128,0.083,0.245,0.229,0.246
4.0,2.031,0.455,0.14,0.27,0.269,0.147,0.158,0.108,0.132,0.803,0.26,1.543,0.32,0.339,0.138,0.284,0.116,0.242,0.451,0.393,0.605,0.511,0.123,0.329,0.522,0.278,0.51,0.389,0.408,0.444,0.287,0.277,0.318,0.315,0.518,0.242,0.252,0.285,2.796,1.494,0.737,0.312,0.482,0.37,0.271,0.425,0.328,0.16,0.304,0.427,0.264,1.364,0.699,0.226,2.903,0.744,0.422,0.129,0.256,0.514,0.567
5.0,2.46,0.664,0.395,0.473,0.396,0.337,0.276,0.547,0.501,0.903,0.561,1.817,0.417,0.828,0.296,0.365,0.37,0.8,1.615,0.619,0.892,0.573,0.343,0.465,0.53,0.461,0.715,0.712,0.568,0.806,0.415,0.46,0.582,0.458,0.634,0.531,0.517,3.761,4.476,1.834,0.997,0.437,0.555,0.804,0.629,0.635,0.533,0.584,0.435,0.488,0.487,2.254,0.897,0.395,2.594,1.657,0.522,0.237,0.278,0.844,0.808
6.0,2.959,0.699,0.456,0.489,0.516,0.376,0.341,0.595,0.703,1.067,1.608,1.938,1.265,1.331,0.367,0.388,0.463,0.999,1.772,0.711,0.885,0.62,0.381,0.536,0.578,0.493,0.754,0.901,0.748,0.998,0.438,0.496,0.657,0.596,0.61,0.568,0.561,4.088,4.893,2.218,1.279,0.52,0.695,0.747,0.709,0.713,0.595,0.631,0.433,0.522,1.609,2.574,1.218,2.24,2.677,2.006,0.561,0.302,0.308,1.041,0.908
7.0,3.206,0.722,0.555,0.513,0.555,0.411,0.383,0.654,0.887,1.136,2.104,1.839,1.331,1.495,0.652,0.396,0.494,1.044,1.97,0.796,0.878,0.679,0.406,0.569,0.58,0.545,0.735,0.965,1.103,1.225,0.52,0.52,0.704,0.614,0.606,0.632,0.718,4.176,4.851,2.276,2.857,1.629,0.79,0.774,0.733,0.726,0.64,0.672,0.567,0.599,2.297,3.203,1.991,2.482,2.775,2.263,0.713,0.362,0.325,1.201,0.982
8.0,3.31,1.303,0.804,0.568,0.627,0.456,0.458,0.775,1.036,1.287,2.271,1.845,1.518,1.636,0.908,0.454,0.616,1.378,2.234,1.551,0.955,0.728,0.507,0.591,0.584,0.636,0.84,0.988,1.548,1.636,0.665,0.6,0.718,0.753,0.645,0.683,0.791,4.095,4.574,2.297,3.103,2.55,0.886,0.823,0.909,0.867,0.747,0.756,0.644,0.628,2.429,4.17,2.575,2.92,3.014,2.326,0.858,0.512,0.351,1.372,1.026
9.0,3.383,2.883,0.877,0.677,0.684,0.548,0.563,0.958,1.167,1.491,2.407,1.875,1.613,1.63,1.126,0.487,0.972,1.892,2.413,2.062,0.985,0.823,0.693,0.609,0.651,0.755,1.003,1.01,1.802,2.058,0.748,0.675,0.803,0.828,0.721,0.763,2.561,3.805,4.28,3.429,3.609,2.945,0.917,0.912,0.966,1.064,0.88,0.826,0.716,1.445,2.7,4.787,3.435,4.407,3.19,2.37,1.237,0.53,0.402,1.628,1.143
10.0,3.394,3.496,1.18,0.73,0.72,0.662,0.682,1.005,1.197,1.705,2.424,1.964,1.678,1.609,1.44,0.84,1.093,2.017,3.291,2.302,1.011,0.911,0.744,0.616,0.67,0.811,1.04,1.032,2.057,2.418,0.876,0.738,0.91,0.875,0.741,0.845,3.049,3.737,4.116,3.823,3.773,3.086,1.32,0.906,0.978,1.08,1.04,0.85,0.784,1.764,3.333,4.778,3.849,4.371,3.17,2.386,1.584,0.527,0.452,1.771,1.182
11.0,3.504,3.511,1.606,0.886,0.731,0.766,0.79,1.044,1.23,2.126,2.39,2.026,1.697,1.559,1.378,1.049,1.441,2.14,3.501,2.355,1.044,0.936,0.797,0.628,0.73,0.882,1.09,1.064,2.164,2.657,1.284,0.895,0.96,0.931,0.869,1.306,3.319,3.5,4.006,3.983,3.799,3.018,1.961,0.932,0.977,1.091,1.182,0.914,0.883,2.281,3.574,5.142,4.36,4.344,3.288,2.545,1.76,0.557,0.528,1.897,1.194
12.0,3.496,3.664,2.455,0.937,0.746,0.774,1.222,1.236,1.717,2.565,2.482,2.531,1.708,1.681,1.394,1.423,1.618,2.527,3.557,3.453,1.239,1.005,0.851,0.685,0.752,0.996,1.084,1.253,2.37,2.817,1.558,0.942,1.014,0.994,0.933,1.517,3.226,3.393,3.829,3.95,3.734,3.276,2.632,0.954,0.966,1.112,1.235,0.996,1.144,2.414,3.524,5.235,5.412,4.615,3.291,2.772,1.809,0.708,0.942,2.074,1.225
13.0,3.566,3.8,2.545,1.158,0.9,1.053,1.532,2.001,2.347,2.916,2.716,2.458,1.814,1.888,1.984,2.005,1.991,2.97,3.608,3.645,1.642,1.289,0.899,0.776,0.84,1.053,1.14,1.507,2.791,3.113,1.854,1.024,1.29,1.015,1.012,2.075,3.101,3.257,3.719,3.948,3.684,3.365,2.762,1.006,1.034,1.202,1.256,1.039,1.946,2.668,3.587,5.205,5.563,4.773,3.528,2.95,1.836,1.219,1.11,2.271,1.177
14.0,3.629,3.848,3.087,1.443,1.123,1.381,1.813,2.239,2.672,3.129,2.705,2.455,1.834,2.145,2.364,2.425,2.504,3.315,3.729,3.853,2.235,1.38,1.06,0.837,0.903,1.12,1.159,1.858,2.975,3.248,2.136,1.359,1.569,1.425,1.099,2.532,2.97,3.225,3.677,3.841,3.621,3.384,2.814,1.052,1.069,1.232,1.289,1.157,2.182,2.91,3.609,5.124,5.495,4.606,3.543,3.052,2.138,1.558,1.211,2.43,1.112
15.0,3.883,3.891,3.399,1.862,1.452,1.636,1.952,2.459,2.902,3.191,2.83,2.476,1.853,2.266,2.603,2.899,2.898,3.561,3.789,4.03,2.895,1.487,1.234,1.052,1.001,1.166,1.223,2.089,3.205,3.267,2.717,1.822,1.577,1.547,1.543,2.807,2.937,3.154,3.534,3.75,3.543,3.335,2.918,1.983,1.204,1.254,1.365,1.274,2.24,2.991,3.821,5.033,5.377,4.717,3.668,3.157,2.431,1.841,1.297,2.598,1.052
16.0,4.042,3.98,3.608,2.483,1.583,1.827,2.157,2.63,3.087,3.262,3.028,2.777,2.14,2.386,2.807,3.111,3.155,3.653,3.939,4.265,3.334,1.7,1.321,1.121,1.195,1.194,1.356,2.674,3.394,3.302,2.865,2.039,1.647,1.623,1.856,2.787,2.95,3.17,3.429,3.672,3.447,3.267,3.047,2.508,1.354,1.332,1.415,1.874,2.385,2.996,3.915,4.946,5.38,4.779,3.749,3.149,2.676,1.958,1.453,2.749,1.005
17.0,4.209,4.035,3.57,2.81,1.712,2.014,2.421,2.86,3.147,3.279,3.204,2.765,2.316,2.767,3.098,3.209,3.378,3.856,4.131,4.487,3.798,1.982,1.39,1.29,1.295,1.301,1.66,2.997,3.505,3.352,2.904,2.323,1.675,1.825,2.213,2.801,2.936,3.191,3.324,3.503,3.344,3.203,3.049,2.607,1.443,1.381,1.451,2.195,2.627,3.231,4.03,4.787,5.247,4.748,3.939,3.279,2.822,2.003,1.67,2.874,0.962
18.0,4.407,4.089,3.632,3.08,2.218,2.095,2.534,2.944,3.138,3.25,3.567,2.799,2.471,2.895,3.2,3.249,3.515,3.872,4.247,4.515,4.134,2.129,1.541,1.358,1.417,1.38,2.004,3.301,3.621,3.375,2.972,2.514,1.768,2.03,2.51,2.767,2.92,3.13,3.218,3.316,3.236,3.162,2.999,2.735,1.69,1.46,1.65,2.263,2.767,3.314,4.116,4.66,5.149,4.672,4.093,3.314,2.921,2.116,1.876,2.971,0.913
19.0,4.473,4.181,3.725,3.195,2.599,2.237,2.661,3.005,3.14,3.529,3.709,3.015,2.495,2.932,3.242,3.233,3.645,3.884,4.37,4.522,4.345,2.76,1.706,1.547,1.49,1.509,2.249,3.427,3.781,3.329,3.055,2.682,2.026,2.132,2.615,2.76,2.87,3.063,3.127,3.133,3.145,3.067,2.943,2.81,2.271,1.557,2.183,2.324,2.933,3.378,4.165,4.507,4.995,4.663,4.267,3.507,3.051,2.347,2.007,3.077,0.849
20.0,4.482,4.242,3.808,3.441,3.079,2.546,2.929,3.095,3.199,3.769,3.882,3.153,2.721,2.932,3.239,3.236,3.695,3.946,4.474,4.529,4.451,3.376,2.022,1.667,1.585,1.717,2.702,3.687,3.931,3.441,3.078,2.811,2.346,2.345,2.711,2.756,2.833,3.014,3.064,3.07,3.038,2.989,2.891,2.801,2.522,1.793,2.284,2.352,3.091,3.717,4.273,4.444,4.838,4.635,4.288,3.771,3.213,2.706,2.217,3.201,0.794
22.0,4.395,4.253,3.995,3.803,3.319,3.126,3.269,3.333,3.719,4.148,4.219,3.318,2.869,3.184,3.233,3.348,3.775,4.15,4.498,4.508,4.531,4.293,2.928,2.175,2.132,2.382,3.23,3.885,4.145,3.921,3.266,2.987,2.853,2.803,2.705,2.752,2.82,2.889,2.93,2.981,2.96,2.916,2.826,2.804,2.778,2.892,2.533,2.911,3.57,4.031,4.304,4.291,4.559,4.523,4.435,4.147,3.669,3.414,2.716,3.447,0.675
24.0,4.333,4.365,4.212,3.942,3.926,3.667,3.728,3.873,4.109,4.456,4.368,3.646,2.901,3.219,3.206,3.627,3.865,4.355,4.477,4.511,4.556,4.553,3.913,3.005,2.849,3.023,3.709,4.073,4.277,4.265,3.59,3.336,3.274,3.05,2.669,2.734,2.784,2.86,2.856,2.925,2.902,2.838,2.83,2.794,3.061,3.099,3.106,3.452,3.848,4.247,4.31,4.281,4.42,4.426,4.533,4.36,3.972,3.739,3.219,3.67,0.617
26.0,4.357,4.424,4.263,4.205,4.076,4.043,3.994,4.066,4.366,4.479,4.446,3.773,3.21,3.266,3.363,3.753,4.058,4.455,4.462,4.522,4.578,4.625,4.472,3.923,3.622,3.749,4.006,4.275,4.353,4.328,4.11,3.762,3.482,3.144,3.056,2.686,2.756,2.841,2.848,2.837,2.831,2.837,2.799,2.965,3.292,3.497,3.783,3.932,4.117,4.3,4.389,4.321,4.361,4.428,4.518,4.471,4.125,3.745,3.509,3.852,0.587
28.0,4.393,4.454,4.481,4.36,4.292,4.191,4.191,4.253,4.455,4.497,4.51,4.025,3.285,3.328,3.651,3.853,4.296,4.425,4.455,4.519,4.617,4.693,4.729,4.531,4.295,4.16,4.252,4.39,4.351,4.362,4.473,4.145,3.623,3.348,3.095,2.783,2.717,2.789,2.808,2.762,2.773,2.798,2.945,3.324,3.748,4.003,4.313,4.385,4.324,4.328,4.39,4.429,4.4,4.483,4.513,4.516,4.333,3.857,3.711,4.007,0.603
30.0,4.444,4.565,4.637,4.52,4.412,4.329,4.311,4.428,4.52,4.534,4.537,4.256,3.482,3.663,3.756,4.052,4.389,4.412,4.47,4.592,4.707,4.778,4.786,4.752,4.567,4.401,4.476,4.417,4.368,4.471,4.508,4.435,4.011,3.641,3.193,3.113,2.745,2.743,2.766,2.689,2.766,2.944,3.27,3.621,4.065,4.272,4.487,4.52,4.503,4.35,4.412,4.534,4.55,4.5,4.501,4.502,4.436,4.049,3.716,4.133,0.596
32.0,4.542,4.66,4.714,4.715,4.588,4.482,4.496,4.525,4.569,4.525,4.525,4.4,3.74,3.734,3.869,4.307,4.397,4.441,4.514,4.632,4.765,4.805,4.842,4.792,4.73,4.619,4.487,4.508,4.428,4.514,4.51,4.53,4.364,4.004,3.597,3.21,2.932,2.766,2.712,2.758,2.921,3.119,3.489,3.894,4.207,4.421,4.482,4.534,4.539,4.543,4.491,4.631,4.654,4.543,4.494,4.488,4.502,4.257,3.834,4.242,0.57
34.0,4.611,4.758,4.791,4.831,4.77,4.679,4.635,4.648,4.656,4.594,4.55,4.48,4.023,4.016,4.167,4.426,4.403,4.462,4.564,4.7,4.779,4.829,4.845,4.832,4.76,4.639,4.636,4.508,4.615,4.579,4.522,4.518,4.532,4.34,4.113,3.533,3.22,2.87,2.705,2.968,3.112,3.392,3.671,4.096,4.295,4.474,4.508,4.544,4.55,4.594,4.557,4.811,4.717,4.579,4.524,4.481,4.456,4.384,4.028,4.354,0.517
36.0,4.888,4.823,4.88,4.855,4.872,4.818,4.771,4.752,4.709,4.669,4.535,4.508,4.22,4.301,4.412,4.397,4.429,4.517,4.632,4.767,4.813,4.818,4.855,4.859,4.835,4.763,4.67,4.656,4.658,4.629,4.57,4.524,4.532,4.504,4.446,3.926,3.374,3.168,2.785,3.253,3.342,3.508,3.905,4.249,4.403,4.49,4.523,4.55,4.58,4.665,4.811,4.915,4.757,4.633,4.572,4.504,4.466,4.458,4.259,4.457,0.468
38.0,5.006,4.894,4.927,4.907,4.879,4.858,4.845,4.807,4.775,4.712,4.597,4.505,4.369,4.427,4.424,4.402,4.457,4.548,4.691,4.79,4.81,4.84,4.848,4.879,4.846,4.788,4.797,4.831,4.786,4.684,4.613,4.552,4.53,4.531,4.492,4.3,3.724,3.339,3.114,3.466,3.423,3.66,4.147,4.387,4.477,4.506,4.555,4.556,4.621,4.754,4.92,4.96,4.854,4.702,4.612,4.52,4.454,4.427,4.39,4.534,0.414
40.0,5.167,5.167,5.167,5.167,5.167,5.167,5.167,5.167,5.167,5.167,5.167,5.167,5.167,5.167,5.167,5.167,5.167,5.167,5.167,5.167,5.167,5.167,5.167,5.167,5.167,5.167,5.167,5.167,5.167,5.167,5.167,5.167,5.167,5.167,5.167,5.167,5.167,5.167,5.167,5.167,5.167,5.167,5.167,5.167,5.167,5.167,5.167,5.167,5.167,5.167,5.167,5.167,5.167,5.167,5.167,5.167,5.167,5.167,5.167,5.167,0.0
mean,3.684,3.312,2.83,2.431,2.221,2.165,2.29,2.488,2.667,2.949,3.03,2.841,2.301,2.442,2.401,2.434,2.597,3.006,3.419,3.282,2.862,2.429,2.12,1.995,1.975,2.011,2.242,2.576,2.939,2.984,2.478,2.218,2.108,2.035,2.026,2.164,2.445,3.024,3.307,2.982,2.873,2.654,2.378,2.146,2.049,2.069,2.128,2.194,2.418,2.796,3.37,4.134,3.913,3.786,3.614,3.123,2.562,2.112,1.914
std dev,1.208,1.619,1.744,1.78,1.762,1.732,1.709,1.651,1.643,1.519,1.447,1.189,1.274,1.285,1.487,1.619,1.659,1.555,1.436,1.676,1.785,1.816,1.848,1.786,1.726,1.679,1.639,1.654,1.556,1.473,1.646,1.643,1.541,1.489,1.428,1.328,1.232,1.103,1.12,0.993,1.137,1.195,1.293,1.431,1.521,1.556,1.604,1.647,1.668,1.602,1.475,1.318,1.682,1.571,1.101,1.328,1.559,1.655,1.556
