,"""R3""","""R4""","""R5""","""R6""","""R7""","""R8""","""R9""","""R10""","""R11""","""R12""","""R13""","""R14""","""R15""","""R16""","""R17""","""R18""","""R19""","""R20""","""R21""","""R22""","""R23""","""R24""","""R25""","""R26""","""R27""","""R28""","""R29""","""R30""","""R31""","""R32""","""R33""","""R34""","""R35""","""R36""","""R37""","""R38""","""R39""","""R40""","""R41""","""R45""","""R46""","""R47""","""R48""","""R49""","""R50""","""R51""","""R52""","""R53""","""R54""","""R55""","""R56""","""R57""","""R58""","""R59""","""R60""","""R61""","""R62""","""R63""","""R64"""
radius,C,G,G,U,G,U,A,A,G,U,G,C,A,G,C,C,C,G,U,C,U,U,A,C,A,C,C,G,U,G,C,G,G,C,A,C,A,G,A,A,C,U,G,A,U,G,U,C,G,U,A,U,A,C,A,G,G,G,C,mean,std dev
2.0,0.089,0.041,0.038,0.028,0.137,0.334,0.217,0.035,0.089,0.073,0.031,0.014,0.015,0.019,0.01,0.032,0.008,0.025,0.043,0.016,0.101,0.033,0.029,0.204,0.079,0.013,0.025,0.087,0.035,0.042,0.024,0.035,0.03,0.134,0.035,0.06,0.038,0.104,0.067,0.026,0.03,0.021,0.048,0.042,0.016,0.055,0.025,0.071,0.04,0.094,0.049,0.043,0.022,0.078,0.02,0.068,0.035,0.085,0.02,0.057,0.056
3.0,0.145,0.119,0.081,0.124,0.346,0.54,1.062,0.116,0.231,0.171,1.112,0.066,0.174,0.076,0.026,0.083,0.034,0.115,0.098,0.162,0.238,1.658,0.087,0.291,0.127,0.121,0.106,0.194,0.133,0.105,0.138,0.093,0.103,0.284,0.319,1.195,0.391,0.244,1.068,0.105,0.101,0.074,0.124,0.166,0.061,0.179,0.11,0.292,0.081,0.35,1.017,0.958,1.146,0.211,1.063,0.12,0.075,0.096,0.103,0.309,0.373
4.0,6.478,3.709,0.183,0.262,0.489,0.722,1.638,0.175,0.662,0.309,1.028,2.134,0.258,0.396,0.049,4.782,0.089,4.883,0.464,0.218,8.429,2.648,0.11,0.343,0.177,0.139,6.722,0.538,0.44,1.804,0.335,6.46,0.267,0.401,4.161,1.433,1.417,0.423,1.109,0.169,0.348,2.23,0.152,0.302,0.112,0.295,0.249,0.334,5.93,0.535,0.999,1.044,1.676,0.272,3.044,0.721,0.426,0.244,0.133,1.449,2.003
5.0,7.446,4.066,0.391,0.434,7.105,2.515,1.911,1.48,1.759,0.467,1.707,3.26,0.42,1.892,0.29,4.854,3.674,7.934,11.632,0.472,8.992,3.095,0.706,1.215,10.011,0.364,7.307,5.358,1.107,2.165,0.478,7.34,0.703,0.51,5.275,4.446,4.464,2.36,1.379,0.295,0.387,2.947,1.713,0.518,0.491,3.129,0.423,5.959,7.319,0.764,1.641,1.701,2.091,0.452,7.185,4.894,0.665,0.385,0.337,2.954,2.868
6.0,7.929,4.416,3.665,5.224,9.405,7.374,12.021,1.63,6.233,7.547,4.823,4.072,1.761,2.737,4.238,5.732,5.54,8.874,11.151,6.621,10.066,11.579,11.987,6.876,10.903,4.626,8.272,5.922,2.934,9.213,6.785,8.312,3.819,2.854,5.884,5.796,4.821,2.779,1.491,0.424,1.493,3.733,2.979,0.525,2.493,3.994,4.314,6.497,7.563,8.949,8.721,2.337,2.44,1.202,9.351,6.365,3.219,3.113,4.805,5.6,3.042
7.0,12.93,5.273,5.589,9.33,10.196,12.778,13.108,6.918,8.573,9.594,6.871,4.436,2.291,3.228,5.573,6.195,6.031,9.415,11.79,9.074,12.837,14.264,13.174,13.166,11.578,7.668,9.345,6.375,4.319,11.219,10.144,9.354,4.639,5.016,6.255,6.245,5.363,2.83,1.645,0.474,2.024,3.843,3.285,2.285,3.124,4.427,5.861,8.018,9.118,12.724,11.213,2.762,2.72,1.414,11.307,7.217,4.604,4.249,6.099,7.142,3.675
8.0,13.687,8.073,8.969,11.429,13.912,16.131,16.479,13.596,12.023,13.065,9.256,5.273,3.267,4.77,6.485,7.56,7.622,10.287,12.37,12.011,15.317,17.334,17.531,16.009,14.573,11.564,10.828,8.733,8.6,12.347,14.255,11.364,8.134,6.991,6.991,6.237,5.616,5.013,2.719,0.487,2.371,4.695,5.2,3.67,4.362,5.005,7.424,8.757,10.342,14.313,13.111,4.872,3.313,1.762,12.333,10.391,7.144,7.011,7.975,9.169,4.298
9.0,13.545,10.794,10.722,13.071,16.66,18.484,19.188,17.691,16.325,13.875,9.783,6.078,3.718,5.509,7.254,8.11,8.617,10.731,12.751,14.289,16.789,18.28,19.844,18.494,16.976,13.674,11.562,9.414,10.523,13.121,15.089,12.36,9.261,7.783,7.731,6.348,5.8,5.221,2.869,1.106,2.849,5.052,5.634,5.355,5.237,6.241,8.442,8.898,11.641,14.954,13.2,5.587,4.328,7.962,12.703,10.807,8.719,7.994,8.474,10.399,4.683
10.0,13.761,11.556,11.233,13.616,17.067,18.835,19.386,18.489,16.993,14.006,11.081,7.323,3.924,6.013,7.559,8.637,8.949,11.031,13.555,15.478,16.683,18.388,19.892,19.174,17.303,14.628,11.854,9.981,11.217,13.465,15.296,12.627,9.7,8.217,8.009,7.002,5.989,5.28,2.991,2.236,3.47,5.094,5.604,5.625,5.691,6.962,8.544,8.922,11.75,15.041,14.268,6.066,4.87,11.314,12.749,11.545,9.28,8.978,8.583,10.895,4.655
11.0,14.111,13.409,11.788,14.516,17.85,19.322,19.568,18.876,17.937,15.436,11.815,8.13,4.515,6.612,7.588,8.709,9.725,11.618,14.397,15.799,17.236,18.952,20.006,19.512,17.415,14.568,12.349,10.554,12.038,13.509,15.147,13.608,10.303,9.036,8.873,7.423,6.195,5.528,3.353,2.31,4.08,5.298,5.677,5.791,6.149,7.768,8.749,9.308,12.288,14.802,14.415,7.095,4.956,11.663,13.259,11.717,10.593,9.582,8.531,11.379,4.669
12.0,14.302,14.406,12.38,15.199,18.072,19.637,19.817,19.275,18.292,16.083,12.24,9.427,5.46,7.343,7.877,9.055,10.53,12.493,15.203,17.043,17.365,19.005,20.011,20.066,18.066,15.11,12.633,11.364,12.826,13.769,14.887,13.773,10.742,9.762,9.24,7.411,6.286,5.533,3.823,2.591,4.758,5.484,5.822,6.184,6.568,8.386,9.098,10.285,12.64,14.674,14.509,9.796,9.693,12.385,13.26,12.6,11.4,9.764,8.545,11.936,4.549
13.0,15.623,15.456,13.639,16.052,18.42,19.828,19.764,19.538,18.359,16.194,12.943,10.016,6.366,8.097,9.099,9.957,11.613,13.468,16.02,18.001,18.031,19.34,19.984,20.372,18.324,15.524,13.143,12.386,13.975,13.872,14.765,13.655,11.531,9.927,9.563,7.738,6.382,5.682,3.855,3.649,5.159,5.669,5.885,6.38,7.172,9.229,9.776,10.637,12.852,14.43,14.342,10.992,12.193,13.693,13.987,13.458,11.869,9.948,8.555,12.481,4.493
14.0,16.53,16.451,15.164,17.189,19.218,20.151,19.82,19.509,18.276,16.729,12.726,10.545,7.063,9.038,10.024,11.056,12.899,15.234,17.482,19.007,19.514,19.545,20.134,20.402,18.508,15.828,13.314,13.193,14.63,14.236,14.592,13.66,11.83,10.36,9.786,8.263,6.559,5.669,3.854,4.755,5.397,5.777,6.057,6.569,7.843,9.674,10.597,11.058,12.999,14.284,14.261,11.863,13.073,14.205,14.553,13.83,12.327,10.263,8.629,12.983,4.52
15.0,17.332,17.785,17.089,18.073,19.68,20.311,19.775,19.296,18.352,16.914,13.365,11.447,7.649,9.691,10.907,12.437,14.52,16.77,18.451,19.764,20.228,19.925,20.3,20.44,18.505,15.974,13.857,13.657,15.568,14.627,14.314,13.85,12.505,10.816,10.05,8.584,6.93,5.938,3.821,6.007,5.631,5.91,6.31,7.195,8.638,9.946,11.344,11.57,13.212,14.257,14.549,13.26,13.22,14.213,15.215,14.326,12.597,10.763,8.732,13.498,4.513
16.0,17.895,18.441,18.736,19.036,20.477,20.549,19.863,19.1,18.104,17.385,14.0,12.68,8.533,10.201,11.786,13.875,15.369,16.966,18.836,20.252,20.798,20.53,20.43,20.371,18.766,16.566,14.503,14.672,16.19,14.896,14.288,13.987,12.873,11.108,10.171,8.955,7.14,6.133,4.795,6.718,6.462,6.32,6.963,8.072,9.838,10.718,11.602,12.328,13.311,14.207,15.529,14.688,14.189,14.454,15.728,14.532,12.941,11.143,8.934,14.033,4.438
17.0,18.355,18.931,19.578,19.901,20.801,20.803,19.879,19.159,18.385,17.563,14.632,12.962,9.357,11.188,12.882,14.361,15.627,17.234,19.037,20.28,21.201,20.977,20.609,20.383,18.879,16.921,15.512,15.525,16.466,15.314,14.509,14.124,12.924,11.591,10.502,9.489,7.493,6.324,4.932,7.336,7.043,7.214,7.82,9.263,10.391,11.424,12.155,12.795,13.442,14.571,16.415,16.127,14.54,14.718,16.309,15.584,13.229,11.153,9.341,14.499,4.352
18.0,18.527,19.212,20.112,20.538,21.197,20.859,20.014,19.36,18.524,17.784,15.649,13.139,9.977,11.691,13.508,14.736,15.99,17.667,19.226,20.245,21.014,21.018,20.844,20.4,19.23,17.569,16.283,16.26,16.915,15.587,14.694,14.241,12.842,11.872,10.571,9.449,7.971,6.628,5.163,7.702,7.828,7.851,9.016,10.258,11.489,11.939,12.466,13.082,13.672,15.217,17.487,17.237,14.703,15.155,17.033,16.026,13.654,11.42,9.919,14.909,4.265
19.0,18.869,19.581,20.32,20.868,21.153,21.15,20.274,19.531,18.633,18.169,16.61,14.394,10.281,12.272,14.059,15.166,16.651,17.988,19.517,20.343,20.722,20.961,21.034,20.458,19.552,17.997,17.099,16.795,17.484,15.776,14.901,14.263,12.942,12.066,10.854,9.807,8.394,7.031,5.475,8.247,8.579,8.869,10.076,10.969,11.945,12.491,12.941,13.28,14.411,15.603,17.974,17.947,15.157,15.685,17.744,16.804,13.877,12.009,10.387,15.329,4.151
20.0,19.388,20.019,20.644,20.969,21.112,21.464,20.813,19.758,18.909,18.748,17.609,14.787,11.138,12.704,14.389,15.491,16.981,18.568,19.925,20.303,20.563,21.415,21.172,20.624,19.988,18.826,18.233,18.038,18.335,16.464,15.092,14.306,13.114,12.17,11.268,10.075,9.118,7.342,5.64,8.843,9.388,9.807,10.658,11.282,12.323,12.721,13.268,13.476,15.043,16.958,18.501,18.573,15.698,16.234,18.257,17.443,14.699,12.822,11.249,15.809,4.103
22.0,20.624,20.672,20.85,21.046,21.0,21.193,21.036,20.234,19.711,20.112,19.237,15.701,12.591,14.31,15.312,16.746,17.943,19.661,20.458,20.589,20.379,20.687,21.601,21.204,20.801,20.398,20.388,19.75,19.926,18.521,15.759,14.639,13.569,12.366,11.891,10.926,9.958,8.661,6.264,9.692,10.248,10.732,11.401,12.196,12.938,13.759,14.043,14.66,16.922,18.549,19.114,19.894,17.57,17.677,18.868,18.353,17.204,15.094,12.779,16.753,3.981
24.0,21.568,21.337,21.147,21.038,20.946,20.727,20.613,20.487,20.515,20.816,19.865,16.861,13.371,15.099,16.329,17.505,18.999,20.511,20.922,20.91,20.854,20.592,21.241,21.576,21.372,21.363,21.48,21.35,20.967,19.576,17.195,15.223,14.092,13.33,12.195,11.676,10.547,9.812,6.855,10.451,11.03,11.412,12.344,12.934,14.024,14.122,15.036,16.293,18.164,19.539,19.851,20.619,20.006,19.496,19.422,18.731,17.663,16.197,14.797,17.508,3.862
26.0,22.462,22.028,21.351,21.078,20.901,20.669,20.398,20.636,21.183,21.128,20.205,17.91,14.961,16.242,17.199,18.282,19.989,21.184,21.134,21.453,21.412,21.054,20.982,21.646,21.795,22.034,22.116,22.131,21.662,20.077,18.659,16.498,14.798,13.994,13.399,12.255,11.577,10.54,7.586,11.45,11.585,12.288,12.913,14.374,15.086,15.349,16.206,17.38,18.967,19.92,21.039,21.176,21.129,21.473,20.152,19.489,18.349,16.958,15.666,18.23,3.691
28.0,22.922,22.679,21.831,21.179,21.107,20.858,21.066,21.192,21.2,21.034,20.571,19.011,15.942,17.107,17.914,19.123,20.926,21.182,21.451,21.721,21.964,21.829,21.44,21.476,21.93,22.277,22.436,22.49,22.084,20.796,19.476,17.886,15.554,14.429,13.963,13.231,11.989,11.359,8.75,12.046,12.699,13.096,14.391,15.397,16.036,16.638,17.279,18.202,19.325,20.551,22.069,21.85,21.958,22.05,20.736,20.02,19.173,17.901,16.643,18.872,3.492
30.0,23.173,23.199,22.524,21.787,21.351,21.412,21.413,21.279,21.132,21.091,20.621,19.808,16.592,17.678,18.48,20.11,21.214,21.204,21.604,22.13,22.5,22.574,22.176,22.039,22.016,22.469,22.718,22.937,22.348,21.39,20.156,19.006,17.175,15.385,14.687,14.106,13.058,11.911,9.573,12.918,13.32,14.437,15.327,16.053,16.836,17.314,18.136,18.726,20.078,21.36,22.632,22.423,22.655,22.224,21.495,20.609,20.127,18.927,17.292,19.473,3.313
32.0,23.313,23.57,23.282,22.431,22.123,21.811,21.659,21.511,21.419,21.409,20.812,20.41,17.803,18.432,19.362,20.921,21.19,21.473,21.884,22.409,23.026,23.174,23.041,22.685,22.58,22.87,23.108,23.12,22.581,21.911,20.857,19.599,18.461,16.759,15.454,14.826,13.987,12.899,10.18,13.54,14.48,14.848,15.988,16.741,17.472,18.262,18.764,19.619,21.019,22.12,23.144,22.936,23.087,22.401,21.76,21.042,20.685,19.874,18.337,20.076,3.154
34.0,23.46,23.982,23.905,23.497,22.845,22.363,22.024,21.892,21.789,21.722,21.21,20.776,18.813,19.437,20.352,21.274,21.198,21.551,22.251,22.846,23.359,23.698,23.591,23.456,23.2,23.221,23.47,23.124,22.861,22.391,21.442,20.43,19.071,18.019,16.832,15.793,14.837,13.962,10.725,14.464,14.894,15.86,16.573,17.308,18.322,18.851,19.822,20.523,21.821,22.635,23.329,23.931,23.375,22.691,21.972,21.495,21.099,20.595,19.407,20.672,2.996
36.0,23.811,24.208,24.531,24.051,23.601,22.909,22.591,22.342,22.262,22.276,21.566,20.911,19.657,20.277,21.03,21.18,21.392,21.866,22.523,23.281,23.768,23.87,24.156,24.083,23.871,23.797,23.594,23.382,23.006,22.724,22.191,21.117,19.742,18.694,17.885,16.621,15.634,14.765,11.534,15.059,15.676,16.327,17.002,18.075,19.145,19.919,20.592,21.487,22.511,22.99,23.575,24.591,23.727,22.902,22.359,21.754,21.161,21.172,20.128,21.201,2.873
38.0,24.083,24.579,24.721,24.561,24.01,23.477,23.078,22.82,22.828,22.683,22.021,20.987,20.311,20.914,21.274,21.195,21.531,22.216,22.877,23.546,23.92,24.236,24.235,24.513,24.428,24.069,23.978,23.579,23.283,23.007,22.59,21.928,20.612,19.415,18.494,17.381,16.309,15.611,11.997,15.457,16.058,16.696,17.609,18.956,19.966,20.742,21.567,22.224,22.811,23.265,23.916,24.79,24.186,23.275,22.644,22.005,21.479,21.174,20.765,21.642,2.777
40.0,24.748,24.748,24.748,24.748,24.748,24.748,24.748,24.748,24.748,24.748,24.748,24.748,24.748,24.748,24.748,24.748,24.748,24.748,24.748,24.748,24.748,24.748,24.748,24.748,24.748,24.748,24.748,24.748,24.748,24.748,24.748,24.748,24.748,24.748,24.748,24.748,24.748,24.748,24.748,24.748,24.748,24.748,24.748,24.748,24.748,24.748,24.748,24.748,24.748,24.748,24.748,24.748,24.748,24.748,24.748,24.748,24.748,24.748,24.748,24.748,0.0
mean,16.452,15.612,15.145,15.906,17.101,17.309,17.353,16.23,15.981,15.418,13.729,11.976,9.343,10.611,11.573,12.825,13.434,15.065,16.269,16.311,17.657,17.773,17.762,17.456,17.093,15.342,15.206,14.333,14.386,14.713,14.235,13.741,11.589,10.622,10.52,9.57,8.587,7.598,5.802,7.011,7.66,8.494,8.873,9.215,9.949,10.837,11.503,12.394,13.932,14.91,15.366,13.445,12.844,13.311,15.147,14.024,12.519,11.506,10.687
std dev,6.703,7.753,8.207,7.754,7.036,7.254,6.916,7.714,7.202,7.128,6.995,6.896,6.895,6.804,6.915,6.584,7.145,6.512,6.631,7.631,6.389,6.932,7.498,7.573,6.817,7.664,6.822,7.534,7.81,6.712,6.677,5.583,6.286,6.008,5.192,5.177,5.147,5.26,4.855,6.123,5.928,5.622,6.006,6.497,6.632,6.42,6.572,6.346,6.129,6.854,7.073,8.451,8.304,8.168,6.311,6.723,7.056,6.853,6.413
